19.04.2024;13:51:52;22,00;69,6
19.04.2024;13:51:53;21,00;70,0
19.04.2024;13:51:54;25,00;72,0
19.04.2024;13:51:55;26,00;53,0
19.04.2024;13:51:56;19,00;48,0
19.04.2024;13:51:57;26,00;58,0
19.04.2024;13:51:58;22,00;79,0
19.04.2024;13:51:59;28,00;47,0
19.04.2024;13:52:00;19,00;58,0
19.04.2024;13:52:01;17,00;34,0
19.04.2024;13:52:02;27,00;55,0
19.04.2024;13:52:03;30,00;57,0
19.04.2024;13:52:04;25,00;70,0
19.04.2024;13:52:05;22,00;59,0
19.04.2024;13:52:06;32,00;36,0
19.04.2024;13:52:07;30,00;58,0
19.04.2024;13:52:08;27,00;52,0
19.04.2024;13:52:09;30,00;69,0
19.04.2024;13:52:10;24,00;84,0
19.04.2024;13:52:11;18,00;63,0
19.04.2024;13:52:12;17,00;34,0
19.04.2024;13:52:13;32,00;61,0
19.04.2024;13:52:14;23,00;79,0
19.04.2024;13:52:15;31,00;84,0
19.04.2024;13:52:16;23,00;32,0
19.04.2024;13:52:17;31,00;63,0
19.04.2024;13:52:18;24,00;67,0
19.04.2024;13:52:19;20,00;61,0
19.04.2024;13:52:20;17,00;32,0
19.04.2024;13:52:21;23,00;80,0
19.04.2024;13:52:22;29,00;74,0
19.04.2024;13:52:23;31,00;73,0
19.04.2024;13:52:24;25,00;30,0
19.04.2024;13:52:25;31,00;51,0
19.04.2024;13:52:26;23,00;58,0
19.04.2024;13:52:27;21,00;57,0
19.04.2024;13:52:28;18,00;71,0
19.04.2024;13:52:29;28,00;79,0
19.04.2024;13:52:30;28,00;58,0
19.04.2024;13:52:31;32,00;41,0
19.04.2024;13:52:32;20,00;54,0
19.04.2024;13:52:33;32,00;58,0
19.04.2024;13:52:34;32,00;77,0
19.04.2024;13:52:35;29,00;57,0
19.04.2024;13:52:36;26,00;44,0
19.04.2024;13:52:37;30,00;66,0
19.04.2024;13:52:38;32,00;45,0
19.04.2024;13:52:39;19,00;74,0
19.04.2024;13:52:40;31,00;55,0
19.04.2024;13:52:41;29,00;34,0
19.04.2024;13:52:42;23,00;54,0
19.04.2024;13:52:43;23,00;66,0
19.04.2024;13:52:44;25,00;70,0
19.04.2024;13:52:45;24,00;82,0
19.04.2024;13:52:46;17,00;40,0
19.04.2024;13:52:47;20,00;82,0
19.04.2024;13:52:48;25,00;59,0
19.04.2024;13:52:49;31,00;52,0
19.04.2024;13:52:50;25,00;37,0
19.04.2024;13:52:51;26,00;69,0
19.04.2024;13:52:52;25,00;82,0
19.04.2024;13:52:53;21,00;83,0
19.04.2024;13:52:54;18,00;66,0
19.04.2024;13:52:55;28,00;32,0
19.04.2024;13:52:56;25,00;74,0
19.04.2024;13:52:57;17,00;31,0
19.04.2024;13:52:58;23,00;65,0
19.04.2024;13:52:59;29,00;72,0
19.04.2024;13:53:00;25,00;48,0
19.04.2024;13:53:01;30,00;43,0
19.04.2024;13:53:02;27,00;75,0
19.04.2024;13:53:03;22,00;57,0
19.04.2024;13:53:04;25,00;36,0
19.04.2024;13:53:05;22,00;39,0
19.04.2024;13:53:06;24,00;69,0
19.04.2024;13:53:07;20,00;59,0
19.04.2024;13:53:08;17,00;32,0
19.04.2024;13:53:09;20,00;67,0
19.04.2024;13:53:10;23,00;52,0
19.04.2024;13:53:11;30,00;64,0
19.04.2024;13:53:12;27,00;43,0
19.04.2024;13:53:13;31,00;79,0
19.04.2024;13:53:14;19,00;63,0
19.04.2024;13:53:15;20,00;81,0
19.04.2024;13:53:16;27,00;76,0
19.04.2024;13:53:17;23,00;51,0
19.04.2024;13:53:18;23,00;56,0
19.04.2024;13:53:19;26,00;73,0
19.04.2024;13:53:20;17,00;43,0
19.04.2024;13:53:21;24,00;42,0
19.04.2024;13:53:22;22,00;81,0
19.04.2024;13:53:23;32,00;54,0
19.04.2024;13:53:24;18,00;83,0
19.04.2024;13:53:25;27,00;50,0
19.04.2024;13:53:26;28,00;77,0
19.04.2024;13:53:27;20,00;76,0
19.04.2024;13:53:28;31,00;52,0
19.04.2024;13:53:29;24,00;81,0
19.04.2024;13:53:30;22,00;51,0
19.04.2024;13:53:31;27,00;38,0
19.04.2024;13:53:32;25,00;80,0
19.04.2024;13:53:33;18,00;42,0
19.04.2024;13:53:34;28,00;58,0
19.04.2024;13:53:35;23,00;56,0
19.04.2024;13:53:36;21,00;51,0
19.04.2024;13:53:37;18,00;68,0
19.04.2024;13:53:38;32,00;71,0
19.04.2024;13:53:39;28,00;51,0
19.04.2024;13:53:40;17,00;77,0
19.04.2024;13:53:41;28,00;61,0
19.04.2024;13:53:42;20,00;54,0
19.04.2024;13:53:43;18,00;68,0
19.04.2024;13:53:44;26,00;36,0
19.04.2024;13:53:45;17,00;68,0
19.04.2024;13:53:46;20,00;79,0
19.04.2024;13:53:47;25,00;68,0
19.04.2024;13:53:48;17,00;73,0
19.04.2024;13:53:49;26,00;57,0
19.04.2024;13:53:50;28,00;52,0
19.04.2024;13:53:51;22,00;40,0
19.04.2024;13:53:52;32,00;71,0
19.04.2024;13:53:53;19,00;66,0
19.04.2024;13:53:54;25,00;51,0
19.04.2024;13:53:55;27,00;36,0
19.04.2024;13:53:56;18,00;77,0
19.04.2024;13:53:57;19,00;50,0
19.04.2024;13:53:58;19,00;55,0
19.04.2024;13:53:59;23,00;53,0
19.04.2024;13:54:00;30,00;60,0
19.04.2024;13:54:01;17,00;45,0
19.04.2024;13:54:02;22,00;62,0
19.04.2024;13:54:03;18,00;76,0
19.04.2024;13:54:04;23,00;79,0
19.04.2024;13:54:05;30,00;49,0
19.04.2024;13:54:06;22,00;37,0
19.04.2024;13:54:07;30,00;47,0
19.04.2024;13:54:08;31,00;76,0
19.04.2024;13:54:09;18,00;46,0
19.04.2024;13:54:10;32,00;30,0
19.04.2024;13:54:11;22,00;63,0
19.04.2024;13:54:12;31,00;42,0
19.04.2024;13:54:13;18,00;71,0
19.04.2024;13:54:14;30,00;64,0
19.04.2024;13:54:15;30,00;59,0
19.04.2024;13:54:16;18,00;66,0
19.04.2024;13:54:17;31,00;76,0
19.04.2024;13:54:18;18,00;30,0
19.04.2024;13:54:19;25,00;32,0
19.04.2024;13:54:20;32,00;58,0
19.04.2024;13:54:21;28,00;47,0
19.04.2024;13:54:22;31,00;73,0
19.04.2024;13:54:23;17,00;64,0
19.04.2024;13:54:24;18,00;39,0
19.04.2024;13:54:25;29,00;61,0
19.04.2024;13:54:26;18,00;68,0
19.04.2024;13:54:27;23,00;39,0
19.04.2024;13:54:28;31,00;65,0
19.04.2024;13:54:29;21,00;41,0
19.04.2024;13:54:30;29,00;46,0
19.04.2024;13:54:31;19,00;68,0
19.04.2024;13:54:32;22,00;35,0
19.04.2024;13:54:33;28,00;62,0
19.04.2024;13:54:34;18,00;75,0
19.04.2024;13:54:35;27,00;42,0
19.04.2024;13:54:36;28,00;45,0
19.04.2024;13:54:37;18,00;31,0
19.04.2024;13:54:38;31,00;75,0
19.04.2024;13:54:39;21,00;36,0
19.04.2024;13:54:40;19,00;58,0
19.04.2024;13:54:41;19,00;44,0
19.04.2024;13:54:42;23,00;81,0
19.04.2024;13:54:43;30,00;32,0
19.04.2024;13:54:44;24,00;30,0
19.04.2024;13:54:45;21,00;35,0
19.04.2024;13:54:46;32,00;68,0
19.04.2024;13:54:47;21,00;83,0
19.04.2024;13:54:48;30,00;80,0
19.04.2024;13:54:49;27,00;56,0
19.04.2024;13:54:50;30,00;64,0
19.04.2024;13:54:51;19,00;63,0
19.04.2024;13:54:52;20,00;58,0
19.04.2024;13:54:53;31,00;48,0
19.04.2024;13:54:54;32,00;34,0
19.04.2024;13:54:55;31,00;53,0
19.04.2024;13:54:56;25,00;57,0
19.04.2024;13:54:57;29,00;73,0
19.04.2024;13:54:58;22,00;36,0
19.04.2024;13:54:59;25,00;72,0
19.04.2024;13:55:00;29,00;79,0
19.04.2024;13:55:01;22,00;55,0
19.04.2024;13:55:02;30,00;64,0
19.04.2024;13:55:03;24,00;45,0
19.04.2024;13:55:04;29,00;40,0
19.04.2024;13:55:05;23,00;48,0
19.04.2024;13:55:06;29,00;78,0
19.04.2024;13:55:07;25,00;81,0
19.04.2024;13:55:08;28,00;41,0
19.04.2024;13:55:09;31,00;37,0
19.04.2024;13:55:10;19,00;51,0
19.04.2024;13:55:11;18,00;70,0
19.04.2024;13:55:12;25,00;70,0
19.04.2024;13:55:13;32,00;31,0
19.04.2024;13:55:14;25,00;36,0
19.04.2024;13:55:15;20,00;55,0
19.04.2024;13:55:16;32,00;77,0
19.04.2024;13:55:17;18,00;56,0
19.04.2024;13:55:18;25,00;67,0
19.04.2024;13:55:19;29,00;57,0
19.04.2024;13:55:20;21,00;72,0
19.04.2024;13:55:21;26,00;64,0
19.04.2024;13:55:22;17,00;72,0
19.04.2024;13:55:23;19,00;73,0
19.04.2024;13:55:24;23,00;73,0
19.04.2024;13:55:25;27,00;83,0
19.04.2024;13:55:26;27,00;64,0
19.04.2024;13:55:27;23,00;80,0
19.04.2024;13:55:28;29,00;42,0
19.04.2024;13:55:29;23,00;45,0
19.04.2024;13:55:30;26,00;50,0
19.04.2024;13:55:31;30,00;47,0
19.04.2024;13:55:32;23,00;78,0
19.04.2024;13:55:33;20,00;61,0
19.04.2024;13:55:34;17,00;31,0
19.04.2024;13:55:35;28,00;30,0
19.04.2024;13:55:36;29,00;35,0
19.04.2024;13:55:37;29,00;43,0
19.04.2024;13:55:38;20,00;75,0
19.04.2024;13:55:39;22,00;51,0
19.04.2024;13:55:40;17,00;83,0
19.04.2024;13:55:41;26,00;71,0
19.04.2024;13:55:42;24,00;82,0
19.04.2024;13:55:43;29,00;54,0
19.04.2024;13:55:44;17,00;53,0
19.04.2024;13:55:45;21,00;55,0
19.04.2024;13:55:46;24,00;58,0
19.04.2024;13:55:47;21,00;76,0
19.04.2024;13:55:48;21,00;48,0
19.04.2024;13:55:49;27,00;60,0
19.04.2024;13:55:50;26,00;58,0
19.04.2024;13:55:51;29,00;60,0
19.04.2024;13:55:52;29,00;78,0
19.04.2024;13:55:53;18,00;71,0
19.04.2024;13:55:54;29,00;49,0
19.04.2024;13:55:55;29,00;40,0
19.04.2024;13:55:56;20,00;75,0
19.04.2024;13:55:57;29,00;30,0
19.04.2024;13:55:58;18,00;65,0
19.04.2024;13:55:59;28,00;81,0
19.04.2024;13:56:00;20,00;58,0
19.04.2024;13:56:01;30,00;61,0
19.04.2024;13:56:02;28,00;44,0
19.04.2024;13:56:03;30,00;37,0
19.04.2024;13:56:04;22,00;37,0
19.04.2024;13:56:05;24,00;66,0
19.04.2024;13:56:06;32,00;61,0
19.04.2024;13:56:07;20,00;79,0
19.04.2024;13:56:08;24,00;53,0
19.04.2024;13:56:09;29,00;45,0
19.04.2024;13:56:10;17,00;54,0
19.04.2024;13:56:11;26,00;70,0
19.04.2024;13:56:12;24,00;47,0
19.04.2024;13:56:13;24,00;62,0
19.04.2024;13:56:14;29,00;44,0
19.04.2024;13:56:15;24,00;70,0
19.04.2024;13:56:16;30,00;59,0
19.04.2024;13:56:17;24,00;46,0
19.04.2024;13:56:18;19,00;73,0
19.04.2024;13:56:19;27,00;65,0
19.04.2024;13:56:20;27,00;68,0
19.04.2024;13:56:21;31,00;59,0
19.04.2024;13:56:22;23,00;57,0
19.04.2024;13:56:23;21,00;41,0
19.04.2024;13:56:24;25,00;43,0
19.04.2024;13:56:25;26,00;65,0
19.04.2024;13:56:26;20,00;81,0
19.04.2024;13:56:27;27,00;74,0
19.04.2024;13:56:28;31,00;31,0
19.04.2024;13:56:29;24,00;32,0
19.04.2024;13:56:30;25,00;78,0
19.04.2024;13:56:31;25,00;59,0
19.04.2024;13:56:32;21,00;42,0
19.04.2024;13:56:33;23,00;34,0
19.04.2024;13:56:34;20,00;78,0
19.04.2024;13:56:35;32,00;60,0
19.04.2024;13:56:36;18,00;81,0
19.04.2024;13:56:37;19,00;56,0
19.04.2024;13:56:38;29,00;36,0
19.04.2024;13:56:39;31,00;80,0
19.04.2024;13:56:40;31,00;52,0
19.04.2024;13:56:41;25,00;36,0
19.04.2024;13:56:42;28,00;36,0
19.04.2024;13:56:43;32,00;49,0
19.04.2024;13:56:44;25,00;38,0
19.04.2024;13:56:45;19,00;38,0
19.04.2024;13:56:46;19,00;39,0
19.04.2024;13:56:47;18,00;51,0
19.04.2024;13:56:48;17,00;59,0
19.04.2024;13:56:49;28,00;52,0
19.04.2024;13:56:50;20,00;54,0
19.04.2024;13:56:51;32,00;36,0
19.04.2024;13:56:52;24,00;33,0
19.04.2024;13:56:53;25,00;42,0
19.04.2024;13:56:54;29,00;41,0
19.04.2024;13:56:55;17,00;65,0
19.04.2024;13:56:56;20,00;48,0
19.04.2024;13:56:57;25,00;61,0
19.04.2024;13:56:58;31,00;39,0
19.04.2024;13:56:59;20,00;39,0
19.04.2024;13:57:00;17,00;48,0
19.04.2024;13:57:01;28,00;72,0
19.04.2024;13:57:02;28,00;60,0
19.04.2024;13:57:03;23,00;79,0
19.04.2024;13:57:04;30,00;35,0
19.04.2024;13:57:05;28,00;57,0
19.04.2024;13:57:06;24,00;85,0
19.04.2024;13:57:07;26,00;50,0
19.04.2024;13:57:08;30,00;40,0
19.04.2024;13:57:09;30,00;51,0
19.04.2024;13:57:10;30,00;72,0
19.04.2024;13:57:11;24,00;47,0
19.04.2024;13:57:12;20,00;55,0
19.04.2024;13:57:13;21,00;82,0
19.04.2024;13:57:14;23,00;75,0
19.04.2024;13:57:15;30,00;78,0
19.04.2024;13:57:16;30,00;67,0
19.04.2024;13:57:17;25,00;76,0
19.04.2024;13:57:18;22,00;72,0
19.04.2024;13:57:19;31,00;44,0
19.04.2024;13:57:20;22,00;63,0
19.04.2024;13:57:21;21,00;63,0
19.04.2024;13:57:22;22,00;83,0
19.04.2024;13:57:23;20,00;77,0
19.04.2024;13:57:24;31,00;45,0
19.04.2024;13:57:25;24,00;81,0
19.04.2024;13:57:26;24,00;63,0
19.04.2024;13:57:27;30,00;35,0
19.04.2024;13:57:28;29,00;78,0
19.04.2024;13:57:29;19,00;30,0
19.04.2024;13:57:30;21,00;83,0
19.04.2024;13:57:31;29,00;49,0
19.04.2024;13:57:32;23,00;49,0
19.04.2024;13:57:33;21,00;77,0
19.04.2024;13:57:34;17,00;75,0
19.04.2024;13:57:35;25,00;52,0
19.04.2024;13:57:36;25,00;63,0
19.04.2024;13:57:37;28,00;55,0
19.04.2024;13:57:38;17,00;70,0
19.04.2024;13:57:39;32,00;53,0
19.04.2024;13:57:40;17,00;81,0
19.04.2024;13:57:41;17,00;44,0
19.04.2024;13:57:42;29,00;61,0
19.04.2024;13:57:43;20,00;51,0
19.04.2024;13:57:44;18,00;62,0
19.04.2024;13:57:45;24,00;32,0
19.04.2024;13:57:46;23,00;52,0
19.04.2024;13:57:47;26,00;50,0
19.04.2024;13:57:48;22,00;32,0
19.04.2024;13:57:49;21,00;67,0
19.04.2024;13:57:50;27,00;81,0
19.04.2024;13:57:51;20,00;79,0
19.04.2024;13:57:52;18,00;59,0
19.04.2024;13:57:53;19,00;58,0
19.04.2024;13:57:54;18,00;57,0
19.04.2024;13:57:55;29,00;81,0
19.04.2024;13:57:56;19,00;69,0
19.04.2024;13:57:57;21,00;56,0
19.04.2024;13:57:58;30,00;79,0
19.04.2024;13:57:59;25,00;42,0
19.04.2024;13:58:00;17,00;32,0
19.04.2024;13:58:01;20,00;34,0
19.04.2024;13:58:02;26,00;65,0
19.04.2024;13:58:03;21,00;41,0
19.04.2024;13:58:04;21,00;67,0
19.04.2024;13:58:05;24,00;68,0
19.04.2024;13:58:06;29,00;79,0
19.04.2024;13:58:07;21,00;50,0
19.04.2024;13:58:08;31,00;78,0
19.04.2024;13:58:09;32,00;85,0
19.04.2024;13:58:10;31,00;76,0
19.04.2024;13:58:11;20,00;54,0
19.04.2024;13:58:12;28,00;82,0
19.04.2024;13:58:13;30,00;70,0
19.04.2024;13:58:14;22,00;49,0
19.04.2024;13:58:15;28,00;48,0
19.04.2024;13:58:16;19,00;32,0
19.04.2024;13:58:17;29,00;37,0
19.04.2024;13:58:18;29,00;70,0
19.04.2024;13:58:19;25,00;35,0
19.04.2024;13:58:20;18,00;46,0
19.04.2024;13:58:21;18,00;81,0
19.04.2024;13:58:22;32,00;55,0
19.04.2024;13:58:23;31,00;44,0
19.04.2024;13:58:24;17,00;38,0
19.04.2024;13:58:25;29,00;30,0
19.04.2024;13:58:26;19,00;46,0
19.04.2024;13:58:27;26,00;54,0
19.04.2024;13:58:28;30,00;52,0
19.04.2024;13:58:29;18,00;80,0
19.04.2024;13:58:30;31,00;62,0
19.04.2024;13:58:31;22,00;82,0
19.04.2024;13:58:32;23,00;75,0
19.04.2024;13:58:33;18,00;64,0
19.04.2024;13:58:34;26,00;33,0
19.04.2024;13:58:35;22,00;68,0
19.04.2024;13:58:36;18,00;77,0
19.04.2024;13:58:37;25,00;33,0
19.04.2024;13:58:38;25,00;41,0
19.04.2024;13:58:39;28,00;30,0
19.04.2024;13:58:40;32,00;60,0
19.04.2024;13:58:41;32,00;31,0
19.04.2024;13:58:42;22,00;70,0
19.04.2024;13:58:43;19,00;54,0
19.04.2024;13:58:44;32,00;83,0
19.04.2024;13:58:45;32,00;48,0
19.04.2024;13:58:46;20,00;60,0
19.04.2024;13:58:47;28,00;36,0
19.04.2024;13:58:48;29,00;50,0
19.04.2024;13:58:49;23,00;46,0
19.04.2024;13:58:50;20,00;52,0
19.04.2024;13:58:51;31,00;52,0
19.04.2024;13:58:52;27,00;64,0
19.04.2024;13:58:53;20,00;32,0
19.04.2024;13:58:54;23,00;71,0
19.04.2024;13:58:55;24,00;46,0
19.04.2024;13:58:56;32,00;42,0
19.04.2024;13:58:57;30,00;68,0
19.04.2024;13:58:58;23,00;60,0
19.04.2024;13:58:59;17,00;55,0
19.04.2024;13:59:00;29,00;56,0
19.04.2024;13:59:01;27,00;31,0
19.04.2024;13:59:02;25,00;50,0
19.04.2024;13:59:03;32,00;59,0
19.04.2024;13:59:04;32,00;69,0
19.04.2024;13:59:05;27,00;56,0
19.04.2024;13:59:06;21,00;40,0
19.04.2024;13:59:07;23,00;76,0
19.04.2024;13:59:08;25,00;46,0
19.04.2024;13:59:09;17,00;33,0
19.04.2024;13:59:10;22,00;80,0
19.04.2024;13:59:11;22,00;47,0
19.04.2024;13:59:12;30,00;41,0
19.04.2024;13:59:13;20,00;52,0
19.04.2024;13:59:14;29,00;59,0
19.04.2024;13:59:15;30,00;50,0
19.04.2024;13:59:16;25,00;67,0
19.04.2024;13:59:17;29,00;75,0
19.04.2024;13:59:18;19,00;52,0
19.04.2024;13:59:19;24,00;74,0
19.04.2024;13:59:20;17,00;74,0
19.04.2024;13:59:21;23,00;36,0
19.04.2024;13:59:22;26,00;62,0
19.04.2024;13:59:23;30,00;47,0
19.04.2024;13:59:24;21,00;72,0
19.04.2024;13:59:25;19,00;75,0
19.04.2024;13:59:26;21,00;62,0
19.04.2024;13:59:27;23,00;45,0
19.04.2024;13:59:28;31,00;35,0
19.04.2024;13:59:29;25,00;50,0
19.04.2024;13:59:30;27,00;38,0
19.04.2024;13:59:31;29,00;56,0
19.04.2024;13:59:32;17,00;84,0
19.04.2024;13:59:33;22,00;51,0
19.04.2024;13:59:34;26,00;62,0
19.04.2024;13:59:35;29,00;48,0
19.04.2024;13:59:36;26,00;37,0
19.04.2024;13:59:37;32,00;69,0
19.04.2024;13:59:38;21,00;31,0
19.04.2024;13:59:39;24,00;72,0
19.04.2024;13:59:40;22,00;45,0
19.04.2024;13:59:41;26,00;85,0
19.04.2024;13:59:42;18,00;77,0
19.04.2024;13:59:43;29,00;80,0
19.04.2024;13:59:44;17,00;83,0
19.04.2024;13:59:45;22,00;64,0
19.04.2024;13:59:46;18,00;56,0
19.04.2024;13:59:47;21,00;59,0
19.04.2024;13:59:48;18,00;84,0
19.04.2024;13:59:49;26,00;48,0
19.04.2024;13:59:50;32,00;43,0
19.04.2024;13:59:51;28,00;58,0
19.04.2024;13:59:52;21,00;56,0
19.04.2024;13:59:53;22,00;37,0
19.04.2024;13:59:54;30,00;56,0
19.04.2024;13:59:55;32,00;34,0
19.04.2024;13:59:56;29,00;48,0
19.04.2024;13:59:57;20,00;68,0
19.04.2024;13:59:58;31,00;61,0
19.04.2024;13:59:59;28,00;31,0
19.04.2024;14:00:00;19,00;42,0
19.04.2024;14:00:01;29,00;59,0
19.04.2024;14:00:02;32,00;67,0
19.04.2024;14:00:03;32,00;56,0
19.04.2024;14:00:04;28,00;51,0
19.04.2024;14:00:05;28,00;33,0
19.04.2024;14:00:06;18,00;72,0
19.04.2024;14:00:07;17,00;80,0
19.04.2024;14:00:08;31,00;53,0
19.04.2024;14:00:09;32,00;38,0
19.04.2024;14:00:10;18,00;55,0
19.04.2024;14:00:11;22,00;64,0
19.04.2024;14:00:12;25,00;84,0
19.04.2024;14:00:13;26,00;60,0
19.04.2024;14:00:14;25,00;60,0
19.04.2024;14:00:15;28,00;79,0
19.04.2024;14:00:16;17,00;48,0
19.04.2024;14:00:17;24,00;38,0
19.04.2024;14:00:18;20,00;80,0
19.04.2024;14:00:19;26,00;35,0
19.04.2024;14:00:20;27,00;60,0
19.04.2024;14:00:21;31,00;80,0
19.04.2024;14:00:22;23,00;65,0
19.04.2024;14:00:23;30,00;47,0
19.04.2024;14:00:24;29,00;50,0
19.04.2024;14:00:25;20,00;63,0
19.04.2024;14:00:26;30,00;51,0
19.04.2024;14:00:27;31,00;84,0
19.04.2024;14:00:28;18,00;50,0
19.04.2024;14:00:29;32,00;78,0
19.04.2024;14:00:30;18,00;48,0
19.04.2024;14:00:31;28,00;71,0
19.04.2024;14:00:32;17,00;31,0
19.04.2024;14:00:33;22,00;52,0
19.04.2024;14:00:34;31,00;79,0
19.04.2024;14:00:35;21,00;64,0
19.04.2024;14:00:36;26,00;72,0
19.04.2024;14:00:37;18,00;49,0
19.04.2024;14:00:38;19,00;41,0
19.04.2024;14:00:39;19,00;79,0
19.04.2024;14:00:40;25,00;40,0
19.04.2024;14:00:41;29,00;79,0
19.04.2024;14:00:42;29,00;85,0
19.04.2024;14:00:43;29,00;57,0
19.04.2024;14:00:44;28,00;66,0
19.04.2024;14:00:45;27,00;77,0
19.04.2024;14:00:46;31,00;42,0
19.04.2024;14:00:47;29,00;68,0
19.04.2024;14:00:48;19,00;52,0
19.04.2024;14:00:49;29,00;74,0
19.04.2024;14:00:50;28,00;83,0
19.04.2024;14:00:51;27,00;55,0
19.04.2024;14:00:52;32,00;64,0
19.04.2024;14:00:53;23,00;39,0
19.04.2024;14:00:54;22,00;35,0
19.04.2024;14:00:55;25,00;59,0
19.04.2024;14:00:56;27,00;77,0
19.04.2024;14:00:57;25,00;62,0
19.04.2024;14:00:58;32,00;77,0
19.04.2024;14:00:59;21,00;66,0
19.04.2024;14:01:00;25,00;75,0
19.04.2024;14:01:01;28,00;35,0
19.04.2024;14:01:02;17,00;77,0
19.04.2024;14:01:03;18,00;31,0
19.04.2024;14:01:04;17,00;58,0
19.04.2024;14:01:05;19,00;82,0
19.04.2024;14:01:06;32,00;43,0
19.04.2024;14:01:07;30,00;42,0
19.04.2024;14:01:08;17,00;84,0
19.04.2024;14:01:09;27,00;69,0
19.04.2024;14:01:10;22,00;85,0
19.04.2024;14:01:11;17,00;80,0
19.04.2024;14:01:12;21,00;34,0
19.04.2024;14:01:13;32,00;67,0
19.04.2024;14:01:14;17,00;67,0
19.04.2024;14:01:15;28,00;38,0
19.04.2024;14:01:16;29,00;72,0
19.04.2024;14:01:17;30,00;65,0
19.04.2024;14:01:18;24,00;32,0
19.04.2024;14:01:19;31,00;30,0
19.04.2024;14:01:20;26,00;79,0
19.04.2024;14:01:21;28,00;46,0
19.04.2024;14:01:22;24,00;54,0
19.04.2024;14:01:23;27,00;40,0
19.04.2024;14:01:24;21,00;85,0
19.04.2024;14:01:25;21,00;57,0
19.04.2024;14:01:26;28,00;59,0
19.04.2024;14:01:27;27,00;74,0
19.04.2024;14:01:28;23,00;37,0
19.04.2024;14:01:29;25,00;57,0
19.04.2024;14:01:30;22,00;80,0
19.04.2024;14:01:31;28,00;72,0
19.04.2024;14:01:32;17,00;72,0
19.04.2024;14:01:33;29,00;70,0
19.04.2024;14:01:34;29,00;32,0
19.04.2024;14:01:35;22,00;83,0
19.04.2024;14:01:36;21,00;42,0
19.04.2024;14:01:37;20,00;59,0
19.04.2024;14:01:38;27,00;69,0
19.04.2024;14:01:39;21,00;78,0
19.04.2024;14:01:40;18,00;57,0
19.04.2024;14:01:41;24,00;34,0
19.04.2024;14:01:42;27,00;83,0
19.04.2024;14:01:43;23,00;71,0
19.04.2024;14:01:44;29,00;79,0
19.04.2024;14:01:45;23,00;49,0
19.04.2024;14:01:46;26,00;52,0
19.04.2024;14:01:47;21,00;33,0
19.04.2024;14:01:48;19,00;75,0
19.04.2024;14:01:49;26,00;70,0
19.04.2024;14:01:50;22,00;76,0
19.04.2024;14:01:51;23,00;48,0
19.04.2024;14:01:52;18,00;59,0
19.04.2024;14:01:53;25,00;40,0
19.04.2024;14:01:54;20,00;75,0
19.04.2024;14:01:55;22,00;78,0
19.04.2024;14:01:56;26,00;74,0
19.04.2024;14:01:57;28,00;82,0
19.04.2024;14:01:58;30,00;46,0
19.04.2024;14:01:59;31,00;36,0
19.04.2024;14:02:00;20,00;72,0
19.04.2024;14:02:01;30,00;54,0
19.04.2024;14:02:02;27,00;39,0
19.04.2024;14:02:03;20,00;31,0
19.04.2024;14:02:04;18,00;84,0
19.04.2024;14:02:05;22,00;57,0
19.04.2024;14:02:06;17,00;31,0
19.04.2024;14:02:07;23,00;84,0
19.04.2024;14:02:08;31,00;65,0
19.04.2024;14:02:09;27,00;51,0
19.04.2024;14:02:10;28,00;72,0
19.04.2024;14:02:11;19,00;55,0
19.04.2024;14:02:12;20,00;74,0
19.04.2024;14:02:13;21,00;64,0
19.04.2024;14:02:14;21,00;30,0
19.04.2024;14:02:15;27,00;58,0
19.04.2024;14:02:16;22,00;68,0
19.04.2024;14:02:17;32,00;52,0
19.04.2024;14:02:18;29,00;42,0
19.04.2024;14:02:19;26,00;68,0
19.04.2024;14:02:20;18,00;85,0
19.04.2024;14:02:21;24,00;68,0
19.04.2024;14:02:22;19,00;42,0
19.04.2024;14:02:23;24,00;59,0
19.04.2024;14:02:24;23,00;84,0
19.04.2024;14:02:25;30,00;68,0
19.04.2024;14:02:26;19,00;38,0
19.04.2024;14:02:27;18,00;59,0
19.04.2024;14:02:28;31,00;48,0
19.04.2024;14:02:29;23,00;71,0
19.04.2024;14:02:30;22,00;78,0
19.04.2024;14:02:31;18,00;64,0
19.04.2024;14:02:32;29,00;55,0
19.04.2024;14:02:33;25,00;75,0
19.04.2024;14:02:34;21,00;38,0
19.04.2024;14:02:35;25,00;55,0
19.04.2024;14:02:36;28,00;37,0
19.04.2024;14:02:37;31,00;30,0
19.04.2024;14:02:38;27,00;72,0
19.04.2024;14:02:39;28,00;53,0
19.04.2024;14:02:40;19,00;58,0
19.04.2024;14:02:41;27,00;51,0
19.04.2024;14:02:42;28,00;77,0
19.04.2024;14:02:43;28,00;79,0
19.04.2024;14:02:44;29,00;77,0
19.04.2024;14:02:45;31,00;44,0
19.04.2024;14:02:46;24,00;53,0
19.04.2024;14:02:47;28,00;80,0
19.04.2024;14:02:48;19,00;59,0
19.04.2024;14:02:49;24,00;53,0
19.04.2024;14:02:50;20,00;46,0
19.04.2024;14:02:51;31,00;69,0
19.04.2024;14:02:52;31,00;59,0
19.04.2024;14:02:53;20,00;44,0
19.04.2024;14:02:54;20,00;47,0
19.04.2024;14:02:55;27,00;60,0
19.04.2024;14:02:56;21,00;31,0
19.04.2024;14:02:57;24,00;30,0
19.04.2024;14:02:58;22,00;65,0
19.04.2024;14:02:59;24,00;60,0
19.04.2024;14:03:00;22,00;37,0
19.04.2024;14:03:01;29,00;42,0
19.04.2024;14:03:02;32,00;80,0
19.04.2024;14:03:03;25,00;66,0
19.04.2024;14:03:04;27,00;68,0
19.04.2024;14:03:05;32,00;41,0
19.04.2024;14:03:06;26,00;56,0
19.04.2024;14:03:07;17,00;33,0
19.04.2024;14:03:08;18,00;49,0
19.04.2024;14:03:09;17,00;68,0
19.04.2024;14:03:10;32,00;85,0
19.04.2024;14:03:11;30,00;85,0
19.04.2024;14:03:12;32,00;56,0
19.04.2024;14:03:13;23,00;79,0
19.04.2024;14:03:14;27,00;42,0
19.04.2024;14:03:15;25,00;34,0
19.04.2024;14:03:16;25,00;82,0
19.04.2024;14:03:17;22,00;82,0
19.04.2024;14:03:18;31,00;75,0
19.04.2024;14:03:19;17,00;84,0
19.04.2024;14:03:20;21,00;60,0
19.04.2024;14:03:21;20,00;41,0
19.04.2024;14:03:22;23,00;38,0
19.04.2024;14:03:23;25,00;47,0
19.04.2024;14:03:24;19,00;82,0
19.04.2024;14:03:25;27,00;58,0
19.04.2024;14:03:26;22,00;50,0
19.04.2024;14:03:27;22,00;79,0
19.04.2024;14:03:28;23,00;32,0
19.04.2024;14:03:29;31,00;77,0
19.04.2024;14:03:30;30,00;62,0
19.04.2024;14:03:31;19,00;71,0
19.04.2024;14:03:32;23,00;70,0
19.04.2024;14:03:33;19,00;55,0
19.04.2024;14:03:34;22,00;66,0
19.04.2024;14:03:35;17,00;41,0
19.04.2024;14:03:36;25,00;66,0
19.04.2024;14:03:37;22,00;78,0
19.04.2024;14:03:38;31,00;45,0
19.04.2024;14:03:39;25,00;73,0
19.04.2024;14:03:40;24,00;59,0
19.04.2024;14:03:41;27,00;36,0
19.04.2024;14:03:42;28,00;83,0
19.04.2024;14:03:43;22,00;72,0
19.04.2024;14:03:44;20,00;46,0
19.04.2024;14:03:45;17,00;68,0
19.04.2024;14:03:46;21,00;76,0
19.04.2024;14:03:47;32,00;60,0
19.04.2024;14:03:48;32,00;37,0
19.04.2024;14:03:49;32,00;78,0
19.04.2024;14:03:50;21,00;46,0
19.04.2024;14:03:51;32,00;59,0
19.04.2024;14:03:52;18,00;37,0
19.04.2024;14:03:53;17,00;66,0
19.04.2024;14:03:54;28,00;40,0
19.04.2024;14:03:55;19,00;30,0
19.04.2024;14:03:56;17,00;49,0
19.04.2024;14:03:57;30,00;68,0
19.04.2024;14:03:58;28,00;43,0
19.04.2024;14:03:59;27,00;61,0
19.04.2024;14:04:00;31,00;55,0
19.04.2024;14:04:01;24,00;56,0
19.04.2024;14:04:02;18,00;68,0
19.04.2024;14:04:03;31,00;35,0
19.04.2024;14:04:04;18,00;66,0
19.04.2024;14:04:05;28,00;68,0
19.04.2024;14:04:06;29,00;41,0
19.04.2024;14:04:07;28,00;36,0
19.04.2024;14:04:08;17,00;47,0
19.04.2024;14:04:09;22,00;59,0
19.04.2024;14:04:10;23,00;47,0
19.04.2024;14:04:11;19,00;64,0
19.04.2024;14:04:12;17,00;66,0
19.04.2024;14:04:13;24,00;50,0
19.04.2024;14:04:14;31,00;57,0
19.04.2024;14:04:15;24,00;33,0
19.04.2024;14:04:16;24,00;37,0
19.04.2024;14:04:17;27,00;53,0
19.04.2024;14:04:18;18,00;54,0
19.04.2024;14:04:19;21,00;83,0
19.04.2024;14:04:20;29,00;67,0
19.04.2024;14:04:21;19,00;68,0
19.04.2024;14:04:22;26,00;64,0
19.04.2024;14:04:23;27,00;78,0
19.04.2024;14:04:24;32,00;75,0
19.04.2024;14:04:25;25,00;69,0
19.04.2024;14:04:26;31,00;50,0
19.04.2024;14:04:27;17,00;66,0
19.04.2024;14:04:28;31,00;51,0
19.04.2024;14:04:29;31,00;78,0
19.04.2024;14:04:30;21,00;80,0
19.04.2024;14:04:31;29,00;31,0
19.04.2024;14:04:32;27,00;60,0
19.04.2024;14:04:33;20,00;71,0
19.04.2024;14:04:34;28,00;60,0
19.04.2024;14:04:35;20,00;66,0
19.04.2024;14:04:36;27,00;70,0
19.04.2024;14:04:37;28,00;68,0
19.04.2024;14:04:38;32,00;66,0
19.04.2024;14:04:39;27,00;63,0
19.04.2024;14:04:40;20,00;65,0
19.04.2024;14:04:41;27,00;54,0
19.04.2024;14:04:42;24,00;51,0
19.04.2024;14:04:43;29,00;73,0
19.04.2024;14:04:44;22,00;66,0
19.04.2024;14:04:45;27,00;46,0
19.04.2024;14:04:46;20,00;32,0
19.04.2024;14:04:47;23,00;68,0
19.04.2024;14:04:48;30,00;83,0
19.04.2024;14:04:49;20,00;50,0
19.04.2024;14:04:50;28,00;31,0
19.04.2024;14:04:51;20,00;66,0
19.04.2024;14:04:52;24,00;74,0
19.04.2024;14:04:53;28,00;69,0
19.04.2024;14:04:54;22,00;47,0
19.04.2024;14:04:55;26,00;83,0
19.04.2024;14:04:56;30,00;51,0
19.04.2024;14:04:57;32,00;76,0
19.04.2024;14:04:58;24,00;52,0
19.04.2024;14:04:59;32,00;49,0
19.04.2024;14:05:00;25,00;32,0
19.04.2024;14:05:01;20,00;59,0
19.04.2024;14:05:02;32,00;41,0
19.04.2024;14:05:03;18,00;61,0
19.04.2024;14:05:04;24,00;45,0
19.04.2024;14:05:05;22,00;58,0
19.04.2024;14:05:06;20,00;34,0
19.04.2024;14:05:07;19,00;72,0
19.04.2024;14:05:08;30,00;35,0
19.04.2024;14:05:09;17,00;52,0
19.04.2024;14:05:10;23,00;75,0
19.04.2024;14:05:11;28,00;68,0
19.04.2024;14:05:12;30,00;37,0
19.04.2024;14:05:13;19,00;33,0
19.04.2024;14:05:14;29,00;85,0
19.04.2024;14:05:15;23,00;39,0
19.04.2024;14:05:16;29,00;65,0
19.04.2024;14:05:17;19,00;42,0
19.04.2024;14:05:18;20,00;61,0
19.04.2024;14:05:19;29,00;51,0
19.04.2024;14:05:20;28,00;54,0
19.04.2024;14:05:21;25,00;63,0
19.04.2024;14:05:22;27,00;72,0
19.04.2024;14:05:23;26,00;76,0
19.04.2024;14:05:24;23,00;69,0
19.04.2024;14:05:25;27,00;74,0
19.04.2024;14:05:26;30,00;67,0
19.04.2024;14:05:27;18,00;48,0
19.04.2024;14:05:28;17,00;39,0
19.04.2024;14:05:29;24,00;68,0
19.04.2024;14:05:30;27,00;83,0
19.04.2024;14:05:31;32,00;64,0
19.04.2024;14:05:32;27,00;37,0
19.04.2024;14:05:33;31,00;35,0
19.04.2024;14:05:34;27,00;75,0
19.04.2024;14:05:35;26,00;63,0
19.04.2024;14:05:36;30,00;70,0
19.04.2024;14:05:37;21,00;65,0
19.04.2024;14:05:38;30,00;60,0
19.04.2024;14:05:39;21,00;77,0
19.04.2024;14:05:40;19,00;48,0
19.04.2024;14:05:41;17,00;49,0
19.04.2024;14:05:42;30,00;68,0
19.04.2024;14:05:43;19,00;44,0
19.04.2024;14:05:44;31,00;72,0
19.04.2024;14:05:45;19,00;49,0
19.04.2024;14:05:46;27,00;39,0
19.04.2024;14:05:47;18,00;62,0
19.04.2024;14:05:48;30,00;56,0
19.04.2024;14:05:49;30,00;63,0
19.04.2024;14:05:50;20,00;54,0
19.04.2024;14:05:51;17,00;47,0
19.04.2024;14:05:52;19,00;34,0
19.04.2024;14:05:53;18,00;48,0
19.04.2024;14:05:54;25,00;58,0
19.04.2024;14:05:55;23,00;50,0
19.04.2024;14:05:56;22,00;32,0
19.04.2024;14:05:57;23,00;46,0
19.04.2024;14:05:58;26,00;84,0
19.04.2024;14:05:59;25,00;77,0
19.04.2024;14:06:00;25,00;72,0
19.04.2024;14:06:01;25,00;35,0
19.04.2024;14:06:02;22,00;44,0
19.04.2024;14:06:03;27,00;77,0
19.04.2024;14:06:04;17,00;51,0
19.04.2024;14:06:05;23,00;38,0
19.04.2024;14:06:06;20,00;52,0
19.04.2024;14:06:07;25,00;60,0
19.04.2024;14:06:08;25,00;59,0
19.04.2024;14:06:09;24,00;32,0
19.04.2024;14:06:10;25,00;40,0
19.04.2024;14:06:11;28,00;46,0
19.04.2024;14:06:12;21,00;62,0
19.04.2024;14:06:13;26,00;48,0
19.04.2024;14:06:14;32,00;69,0
19.04.2024;14:06:15;22,00;56,0
19.04.2024;14:06:16;24,00;48,0
19.04.2024;14:06:17;27,00;52,0
19.04.2024;14:06:18;17,00;73,0
19.04.2024;14:06:19;29,00;67,0
19.04.2024;14:06:20;26,00;80,0
19.04.2024;14:06:21;22,00;77,0
19.04.2024;14:06:22;24,00;30,0
19.04.2024;14:06:23;20,00;80,0
19.04.2024;14:06:24;28,00;55,0
19.04.2024;14:06:25;28,00;67,0
19.04.2024;14:06:26;21,00;32,0
19.04.2024;14:06:27;22,00;43,0
19.04.2024;14:06:28;27,00;50,0
19.04.2024;14:06:29;32,00;31,0
19.04.2024;14:06:30;19,00;55,0
19.04.2024;14:06:31;24,00;44,0
19.04.2024;14:06:32;23,00;57,0
19.04.2024;14:06:33;22,00;31,0
19.04.2024;14:06:34;19,00;62,0
19.04.2024;14:06:35;27,00;58,0
19.04.2024;14:06:36;25,00;47,0
19.04.2024;14:06:37;19,00;38,0
19.04.2024;14:06:38;22,00;78,0
19.04.2024;14:06:39;18,00;40,0
19.04.2024;14:06:40;29,00;75,0
19.04.2024;14:06:41;31,00;50,0
19.04.2024;14:06:42;30,00;68,0
19.04.2024;14:06:43;26,00;57,0
19.04.2024;14:06:44;31,00;61,0
19.04.2024;14:06:45;21,00;78,0
19.04.2024;14:06:46;20,00;78,0
19.04.2024;14:06:47;17,00;76,0
19.04.2024;14:06:48;20,00;60,0
19.04.2024;14:06:49;28,00;77,0
19.04.2024;14:06:50;24,00;59,0
19.04.2024;14:06:51;20,00;80,0
19.04.2024;14:06:52;30,00;56,0
19.04.2024;14:06:53;25,00;54,0
19.04.2024;14:06:54;23,00;36,0
19.04.2024;14:06:55;20,00;75,0
19.04.2024;14:06:56;26,00;41,0
19.04.2024;14:06:57;25,00;85,0
19.04.2024;14:06:58;30,00;64,0
19.04.2024;14:06:59;31,00;42,0
19.04.2024;14:07:00;30,00;48,0
19.04.2024;14:07:01;20,00;39,0
19.04.2024;14:07:02;19,00;67,0
19.04.2024;14:07:03;28,00;81,0
19.04.2024;14:07:04;31,00;80,0
19.04.2024;14:07:05;19,00;84,0
19.04.2024;14:07:06;23,00;85,0
19.04.2024;14:07:07;20,00;56,0
19.04.2024;14:07:08;24,00;32,0
19.04.2024;14:07:09;32,00;67,0
19.04.2024;14:07:10;23,00;80,0
19.04.2024;14:07:11;18,00;84,0
19.04.2024;14:07:12;19,00;36,0
19.04.2024;14:07:13;30,00;64,0
19.04.2024;14:07:14;24,00;66,0
19.04.2024;14:07:15;17,00;31,0
19.04.2024;14:07:16;28,00;41,0
19.04.2024;14:07:17;22,00;39,0
19.04.2024;14:07:18;19,00;54,0
19.04.2024;14:07:19;27,00;56,0
19.04.2024;14:07:20;29,00;48,0
19.04.2024;14:07:21;26,00;70,0
19.04.2024;14:07:22;24,00;72,0
19.04.2024;14:07:23;21,00;82,0
19.04.2024;14:07:24;18,00;38,0
19.04.2024;14:07:25;30,00;42,0
19.04.2024;14:07:26;29,00;54,0
19.04.2024;14:07:27;24,00;42,0
19.04.2024;14:07:28;22,00;32,0
19.04.2024;14:07:29;23,00;82,0
19.04.2024;14:07:30;19,00;64,0
19.04.2024;14:07:31;24,00;71,0
19.04.2024;14:07:32;22,00;54,0
19.04.2024;14:07:33;20,00;46,0
19.04.2024;14:07:34;26,00;84,0
19.04.2024;14:07:35;28,00;72,0
19.04.2024;14:07:36;21,00;81,0
19.04.2024;14:07:37;19,00;51,0
19.04.2024;14:07:38;29,00;35,0
19.04.2024;14:07:39;31,00;32,0
19.04.2024;14:07:40;21,00;57,0
19.04.2024;14:07:41;24,00;52,0
19.04.2024;14:07:42;17,00;60,0
19.04.2024;14:07:43;26,00;64,0
19.04.2024;14:07:44;19,00;46,0
19.04.2024;14:07:45;31,00;71,0
19.04.2024;14:07:46;18,00;41,0
19.04.2024;14:07:47;19,00;50,0
19.04.2024;14:07:48;25,00;49,0
19.04.2024;14:07:49;19,00;63,0
19.04.2024;14:07:50;21,00;34,0
19.04.2024;14:07:51;21,00;67,0
19.04.2024;14:07:52;28,00;84,0
19.04.2024;14:07:53;25,00;44,0
19.04.2024;14:07:54;20,00;36,0
19.04.2024;14:07:55;20,00;43,0
19.04.2024;14:07:56;26,00;61,0
19.04.2024;14:07:57;28,00;54,0
19.04.2024;14:07:58;20,00;54,0
19.04.2024;14:07:59;29,00;84,0
19.04.2024;14:08:00;24,00;81,0
19.04.2024;14:08:01;26,00;78,0
19.04.2024;14:08:02;19,00;51,0
19.04.2024;14:08:03;18,00;50,0
19.04.2024;14:08:04;23,00;84,0
19.04.2024;14:08:05;31,00;77,0
19.04.2024;14:08:06;17,00;40,0
19.04.2024;14:08:07;21,00;30,0
19.04.2024;14:08:08;20,00;76,0
19.04.2024;14:08:09;32,00;70,0
19.04.2024;14:08:10;22,00;73,0
19.04.2024;14:08:11;30,00;38,0
19.04.2024;14:08:12;27,00;66,0
19.04.2024;14:08:13;18,00;40,0
19.04.2024;14:08:14;25,00;72,0
19.04.2024;14:08:15;25,00;62,0
19.04.2024;14:08:16;27,00;32,0
19.04.2024;14:08:17;26,00;85,0
19.04.2024;14:08:18;19,00;81,0
19.04.2024;14:08:19;25,00;44,0
19.04.2024;14:08:20;18,00;62,0
19.04.2024;14:08:21;23,00;32,0
19.04.2024;14:08:22;17,00;81,0
19.04.2024;14:08:23;25,00;30,0
19.04.2024;14:08:24;23,00;64,0
19.04.2024;14:08:25;29,00;56,0
19.04.2024;14:08:26;30,00;84,0
19.04.2024;14:08:27;25,00;61,0
19.04.2024;14:08:28;19,00;62,0
19.04.2024;14:08:29;23,00;46,0
19.04.2024;14:08:30;21,00;77,0
19.04.2024;14:08:31;28,00;71,0
19.04.2024;14:08:32;25,00;83,0
19.04.2024;14:08:33;32,00;67,0
19.04.2024;14:08:34;32,00;47,0
19.04.2024;14:08:35;28,00;50,0
19.04.2024;14:08:36;31,00;42,0
19.04.2024;14:08:37;28,00;41,0
19.04.2024;14:08:38;32,00;80,0
19.04.2024;14:08:39;21,00;47,0
19.04.2024;14:08:40;27,00;42,0
19.04.2024;14:08:41;17,00;31,0
19.04.2024;14:08:42;29,00;67,0
19.04.2024;14:08:43;25,00;36,0
19.04.2024;14:08:44;31,00;40,0
19.04.2024;14:08:45;30,00;82,0
19.04.2024;14:08:46;25,00;38,0
19.04.2024;14:08:47;22,00;31,0
19.04.2024;14:08:48;32,00;52,0
19.04.2024;14:08:49;23,00;79,0
19.04.2024;14:08:50;25,00;50,0
19.04.2024;14:08:51;22,00;84,0
19.04.2024;14:08:52;21,00;75,0
19.04.2024;14:08:53;25,00;54,0
19.04.2024;14:08:54;23,00;42,0
19.04.2024;14:08:55;32,00;60,0
19.04.2024;14:08:56;22,00;62,0
19.04.2024;14:08:57;32,00;39,0
19.04.2024;14:08:58;25,00;77,0
19.04.2024;14:08:59;17,00;30,0
19.04.2024;14:09:00;18,00;84,0
19.04.2024;14:09:01;24,00;74,0
19.04.2024;14:09:02;17,00;62,0
19.04.2024;14:09:03;29,00;77,0
19.04.2024;14:09:04;27,00;60,0
19.04.2024;14:09:05;22,00;54,0
19.04.2024;14:09:06;27,00;35,0
19.04.2024;14:09:07;23,00;77,0
19.04.2024;14:09:08;23,00;76,0
19.04.2024;14:09:09;17,00;37,0
19.04.2024;14:09:10;19,00;35,0
19.04.2024;14:09:11;21,00;52,0
19.04.2024;14:09:12;28,00;56,0
19.04.2024;14:09:13;30,00;35,0
19.04.2024;14:09:14;31,00;66,0
19.04.2024;14:09:15;30,00;64,0
19.04.2024;14:09:16;21,00;61,0
19.04.2024;14:09:17;22,00;46,0
19.04.2024;14:09:18;22,00;77,0
19.04.2024;14:09:19;26,00;62,0
19.04.2024;14:09:20;18,00;30,0
19.04.2024;14:09:21;18,00;64,0
19.04.2024;14:09:22;20,00;52,0
19.04.2024;14:09:23;31,00;47,0
19.04.2024;14:09:24;32,00;71,0
19.04.2024;14:09:25;26,00;79,0
19.04.2024;14:09:26;30,00;48,0
19.04.2024;14:09:27;26,00;67,0
19.04.2024;14:09:28;25,00;36,0
19.04.2024;14:09:29;27,00;81,0
19.04.2024;14:09:30;25,00;82,0
19.04.2024;14:09:31;27,00;57,0
19.04.2024;14:09:32;32,00;78,0
19.04.2024;14:09:33;29,00;57,0
19.04.2024;14:09:34;25,00;40,0
19.04.2024;14:09:35;26,00;51,0
19.04.2024;14:09:36;24,00;51,0
19.04.2024;14:09:37;22,00;53,0
19.04.2024;14:09:38;29,00;58,0
19.04.2024;14:09:39;21,00;72,0
19.04.2024;14:09:40;32,00;80,0
19.04.2024;14:09:41;20,00;78,0
19.04.2024;14:09:42;23,00;64,0
19.04.2024;14:09:43;17,00;45,0
19.04.2024;14:09:44;32,00;30,0
19.04.2024;14:09:45;26,00;30,0
19.04.2024;14:09:46;22,00;34,0
19.04.2024;14:09:47;19,00;58,0
19.04.2024;14:09:48;21,00;80,0
19.04.2024;14:09:49;32,00;79,0
19.04.2024;14:09:50;23,00;38,0
19.04.2024;14:09:51;23,00;56,0
19.04.2024;14:09:52;30,00;59,0
19.04.2024;14:09:53;19,00;40,0
19.04.2024;14:09:54;28,00;67,0
19.04.2024;14:09:55;31,00;63,0
19.04.2024;14:09:56;22,00;80,0
19.04.2024;14:09:57;29,00;41,0
19.04.2024;14:09:58;21,00;71,0
19.04.2024;14:09:59;19,00;49,0
19.04.2024;14:10:00;20,00;48,0
19.04.2024;14:10:01;30,00;75,0
19.04.2024;14:10:02;20,00;72,0
19.04.2024;14:10:03;27,00;58,0
19.04.2024;14:10:04;31,00;59,0
19.04.2024;14:10:05;27,00;51,0
19.04.2024;14:10:06;26,00;68,0
19.04.2024;14:10:07;17,00;83,0
19.04.2024;14:10:08;30,00;56,0
19.04.2024;14:10:09;25,00;64,0
19.04.2024;14:10:10;17,00;50,0
19.04.2024;14:10:11;18,00;36,0
19.04.2024;14:10:12;27,00;33,0
19.04.2024;14:10:13;25,00;43,0
19.04.2024;14:10:14;27,00;72,0
19.04.2024;14:10:15;30,00;68,0
19.04.2024;14:10:16;30,00;45,0
19.04.2024;14:10:17;20,00;42,0
19.04.2024;14:10:18;23,00;39,0
19.04.2024;14:10:19;31,00;77,0
19.04.2024;14:10:20;31,00;60,0
19.04.2024;14:10:21;22,00;68,0
19.04.2024;14:10:22;25,00;69,0
19.04.2024;14:10:23;29,00;72,0
19.04.2024;14:10:24;18,00;82,0
19.04.2024;14:10:25;31,00;45,0
19.04.2024;14:10:26;19,00;71,0
19.04.2024;14:10:27;22,00;71,0
19.04.2024;14:10:28;31,00;74,0
19.04.2024;14:10:29;25,00;82,0
19.04.2024;14:10:30;20,00;45,0
19.04.2024;14:10:31;28,00;48,0
19.04.2024;14:10:32;26,00;72,0
19.04.2024;14:10:33;32,00;45,0
19.04.2024;14:10:34;24,00;52,0
19.04.2024;14:10:35;20,00;55,0
19.04.2024;14:10:36;32,00;58,0
19.04.2024;14:10:37;23,00;35,0
19.04.2024;14:10:38;28,00;32,0
19.04.2024;14:10:39;30,00;53,0
19.04.2024;14:10:40;19,00;82,0
19.04.2024;14:10:41;25,00;56,0
19.04.2024;14:10:42;31,00;73,0
19.04.2024;14:10:43;31,00;74,0
19.04.2024;14:10:44;29,00;76,0
19.04.2024;14:10:45;19,00;39,0
19.04.2024;14:10:46;17,00;83,0
19.04.2024;14:10:47;27,00;53,0
19.04.2024;14:10:48;31,00;53,0
19.04.2024;14:10:49;17,00;67,0
19.04.2024;14:10:50;28,00;75,0
19.04.2024;14:10:51;27,00;75,0
19.04.2024;14:10:52;29,00;85,0
19.04.2024;14:10:53;28,00;55,0
19.04.2024;14:10:54;25,00;32,0
19.04.2024;14:10:55;20,00;68,0
19.04.2024;14:10:56;30,00;70,0
19.04.2024;14:10:57;22,00;75,0
19.04.2024;14:10:58;22,00;57,0
19.04.2024;14:10:59;30,00;47,0
19.04.2024;14:11:00;27,00;37,0
19.04.2024;14:11:01;24,00;36,0
19.04.2024;14:11:02;18,00;78,0
19.04.2024;14:11:03;25,00;83,0
19.04.2024;14:11:04;27,00;34,0
19.04.2024;14:11:05;29,00;64,0
19.04.2024;14:11:06;27,00;45,0
19.04.2024;14:11:07;32,00;65,0
19.04.2024;14:11:08;32,00;61,0
19.04.2024;14:11:09;27,00;81,0
19.04.2024;14:11:10;24,00;36,0
19.04.2024;14:11:11;30,00;46,0
19.04.2024;14:11:12;22,00;85,0
19.04.2024;14:11:13;25,00;62,0
19.04.2024;14:11:14;18,00;45,0
19.04.2024;14:11:15;32,00;47,0
19.04.2024;14:11:16;26,00;55,0
19.04.2024;14:11:17;32,00;61,0
19.04.2024;14:11:18;27,00;55,0
19.04.2024;14:11:19;18,00;30,0
19.04.2024;14:11:20;32,00;56,0
19.04.2024;14:11:21;24,00;52,0
19.04.2024;14:11:22;30,00;45,0
19.04.2024;14:11:23;20,00;48,0
19.04.2024;14:11:24;29,00;55,0
19.04.2024;14:11:25;31,00;36,0
19.04.2024;14:11:26;30,00;66,0
19.04.2024;14:11:27;31,00;84,0
19.04.2024;14:11:28;27,00;80,0
19.04.2024;14:11:29;20,00;75,0
19.04.2024;14:11:30;21,00;78,0
19.04.2024;14:11:31;27,00;40,0
19.04.2024;14:11:32;23,00;42,0
19.04.2024;14:11:33;26,00;55,0
19.04.2024;14:11:34;26,00;42,0
19.04.2024;14:11:35;31,00;66,0
19.04.2024;14:11:36;27,00;42,0
19.04.2024;14:11:37;29,00;34,0
19.04.2024;14:11:38;18,00;57,0
19.04.2024;14:11:39;21,00;32,0
19.04.2024;14:11:40;31,00;35,0
19.04.2024;14:11:41;31,00;30,0
19.04.2024;14:11:42;18,00;33,0
19.04.2024;14:11:43;24,00;62,0
19.04.2024;14:11:44;18,00;47,0
19.04.2024;14:11:45;20,00;72,0
19.04.2024;14:11:46;31,00;66,0
19.04.2024;14:11:47;21,00;74,0
19.04.2024;14:11:48;26,00;81,0
19.04.2024;14:11:49;20,00;47,0
19.04.2024;14:11:50;32,00;45,0
19.04.2024;14:11:51;30,00;47,0
19.04.2024;14:11:52;29,00;65,0
19.04.2024;14:11:53;30,00;32,0
19.04.2024;14:11:54;24,00;81,0
19.04.2024;14:11:55;24,00;31,0
19.04.2024;14:11:56;22,00;81,0
19.04.2024;14:11:57;29,00;37,0
19.04.2024;14:11:58;31,00;42,0
19.04.2024;14:11:59;26,00;77,0
19.04.2024;14:12:00;31,00;57,0
19.04.2024;14:12:01;20,00;71,0
19.04.2024;14:12:02;27,00;69,0
19.04.2024;14:12:03;32,00;65,0
19.04.2024;14:12:04;31,00;35,0
19.04.2024;14:12:05;23,00;38,0
19.04.2024;14:12:06;32,00;76,0
19.04.2024;14:12:07;24,00;62,0
19.04.2024;14:12:08;30,00;52,0
19.04.2024;14:12:09;30,00;66,0
19.04.2024;14:12:10;30,00;73,0
19.04.2024;14:12:11;32,00;48,0
19.04.2024;14:12:12;27,00;48,0
19.04.2024;14:12:13;19,00;65,0
19.04.2024;14:12:14;20,00;69,0
19.04.2024;14:12:15;17,00;64,0
19.04.2024;14:12:16;19,00;60,0
19.04.2024;14:12:17;18,00;84,0
19.04.2024;14:12:18;22,00;43,0
19.04.2024;14:12:19;22,00;66,0
19.04.2024;14:12:20;20,00;79,0
19.04.2024;14:12:21;25,00;42,0
19.04.2024;14:12:22;22,00;39,0
19.04.2024;14:12:23;27,00;56,0
19.04.2024;14:12:24;21,00;72,0
19.04.2024;14:12:25;32,00;82,0
19.04.2024;14:12:26;25,00;59,0
19.04.2024;14:12:27;18,00;48,0
19.04.2024;14:12:28;19,00;38,0
19.04.2024;14:12:29;27,00;85,0
19.04.2024;14:12:30;26,00;80,0
19.04.2024;14:12:31;23,00;41,0
19.04.2024;14:12:32;18,00;55,0
19.04.2024;14:12:33;24,00;34,0
19.04.2024;14:12:34;21,00;50,0
19.04.2024;14:12:35;21,00;77,0
19.04.2024;14:12:36;29,00;34,0
19.04.2024;14:12:37;22,00;54,0
19.04.2024;14:12:38;25,00;50,0
19.04.2024;14:12:39;29,00;37,0
19.04.2024;14:12:40;18,00;74,0
19.04.2024;14:12:41;28,00;57,0
19.04.2024;14:12:42;31,00;74,0
19.04.2024;14:12:43;24,00;48,0
19.04.2024;14:12:44;19,00;60,0
19.04.2024;14:12:45;32,00;78,0
19.04.2024;14:12:46;32,00;66,0
19.04.2024;14:12:47;27,00;40,0
19.04.2024;14:12:48;22,00;58,0
19.04.2024;14:12:49;32,00;52,0
19.04.2024;14:12:50;21,00;73,0
19.04.2024;14:12:51;21,00;77,0
19.04.2024;14:12:52;32,00;77,0
19.04.2024;14:12:53;27,00;46,0
19.04.2024;14:12:54;23,00;58,0
19.04.2024;14:12:55;18,00;31,0
19.04.2024;14:12:56;21,00;35,0
19.04.2024;14:12:57;28,00;31,0
19.04.2024;14:12:58;29,00;39,0
19.04.2024;14:12:59;19,00;65,0
19.04.2024;14:13:00;18,00;53,0
19.04.2024;14:13:01;29,00;49,0
19.04.2024;14:13:02;20,00;37,0
19.04.2024;14:13:03;19,00;55,0
19.04.2024;14:13:04;21,00;44,0
19.04.2024;14:13:05;24,00;84,0
19.04.2024;14:13:06;29,00;49,0
19.04.2024;14:13:07;32,00;52,0
19.04.2024;14:13:08;23,00;48,0
19.04.2024;14:13:09;20,00;81,0
19.04.2024;14:13:10;19,00;66,0
19.04.2024;14:13:11;26,00;70,0
19.04.2024;14:13:12;25,00;32,0
19.04.2024;14:13:13;28,00;36,0
19.04.2024;14:13:14;22,00;73,0
19.04.2024;14:13:15;31,00;49,0
19.04.2024;14:13:16;30,00;50,0
19.04.2024;14:13:17;20,00;57,0
19.04.2024;14:13:18;17,00;80,0
19.04.2024;14:13:19;22,00;31,0
19.04.2024;14:13:20;29,00;75,0
19.04.2024;14:13:21;23,00;74,0
19.04.2024;14:13:22;25,00;38,0
19.04.2024;14:13:23;26,00;58,0
19.04.2024;14:13:24;17,00;82,0
19.04.2024;14:13:25;29,00;40,0
19.04.2024;14:13:26;21,00;66,0
19.04.2024;14:13:27;27,00;72,0
19.04.2024;14:13:28;24,00;35,0
19.04.2024;14:13:29;30,00;61,0
19.04.2024;14:13:30;30,00;76,0
19.04.2024;14:13:31;19,00;85,0
19.04.2024;14:13:32;19,00;70,0
19.04.2024;14:13:33;22,00;84,0
19.04.2024;14:13:34;24,00;84,0
19.04.2024;14:13:35;18,00;74,0
19.04.2024;14:13:36;32,00;40,0
19.04.2024;14:13:37;18,00;57,0
19.04.2024;14:13:38;19,00;64,0
19.04.2024;14:13:39;17,00;34,0
19.04.2024;14:13:40;32,00;36,0
19.04.2024;14:13:41;23,00;61,0
19.04.2024;14:13:42;19,00;64,0
19.04.2024;14:13:43;25,00;48,0
19.04.2024;14:13:44;20,00;75,0
19.04.2024;14:13:45;22,00;51,0
19.04.2024;14:13:46;25,00;73,0
19.04.2024;14:13:47;25,00;64,0
19.04.2024;14:13:48;17,00;33,0
19.04.2024;14:13:49;23,00;83,0
19.04.2024;14:13:50;18,00;42,0
19.04.2024;14:13:51;29,00;71,0
19.04.2024;14:13:52;20,00;61,0
19.04.2024;14:13:53;25,00;53,0
19.04.2024;14:13:54;32,00;43,0
19.04.2024;14:13:55;31,00;45,0
19.04.2024;14:13:56;22,00;70,0
19.04.2024;14:13:57;27,00;64,0
19.04.2024;14:13:58;28,00;43,0
19.04.2024;14:13:59;27,00;85,0
19.04.2024;14:14:00;29,00;41,0
19.04.2024;14:14:01;18,00;35,0
19.04.2024;14:14:02;21,00;50,0
19.04.2024;14:14:03;28,00;59,0
19.04.2024;14:14:04;24,00;42,0
19.04.2024;14:14:05;28,00;30,0
19.04.2024;14:14:06;32,00;57,0
19.04.2024;14:14:07;24,00;75,0
19.04.2024;14:14:08;22,00;44,0
19.04.2024;14:14:09;18,00;52,0
19.04.2024;14:14:10;25,00;35,0
19.04.2024;14:14:11;22,00;73,0
19.04.2024;14:14:12;28,00;66,0
19.04.2024;14:14:13;30,00;33,0
19.04.2024;14:14:14;31,00;59,0
19.04.2024;14:14:15;18,00;34,0
19.04.2024;14:14:16;20,00;32,0
19.04.2024;14:14:17;19,00;60,0
19.04.2024;14:14:18;25,00;30,0
19.04.2024;14:14:19;29,00;69,0
19.04.2024;14:14:20;28,00;77,0
19.04.2024;14:14:21;17,00;39,0
19.04.2024;14:14:22;30,00;56,0
19.04.2024;14:14:23;20,00;85,0
19.04.2024;14:14:24;24,00;84,0
19.04.2024;14:14:25;26,00;68,0
19.04.2024;14:14:26;24,00;30,0
19.04.2024;14:14:27;18,00;72,0
19.04.2024;14:14:28;20,00;53,0
19.04.2024;14:14:29;26,00;82,0
19.04.2024;14:14:30;19,00;51,0
19.04.2024;14:14:31;25,00;60,0
19.04.2024;14:14:32;25,00;72,0
19.04.2024;14:14:33;20,00;58,0
19.04.2024;14:14:34;22,00;44,0
19.04.2024;14:14:35;22,00;74,0
19.04.2024;14:14:36;20,00;50,0
19.04.2024;14:14:37;23,00;69,0
19.04.2024;14:14:38;24,00;59,0
19.04.2024;14:14:39;29,00;85,0
19.04.2024;14:14:40;26,00;49,0
19.04.2024;14:14:41;28,00;56,0
19.04.2024;14:14:42;21,00;64,0
19.04.2024;14:14:43;27,00;45,0
19.04.2024;14:14:44;32,00;58,0
19.04.2024;14:14:45;31,00;44,0
19.04.2024;14:14:46;20,00;71,0
19.04.2024;14:14:47;22,00;75,0
19.04.2024;14:14:48;25,00;59,0
19.04.2024;14:14:49;19,00;82,0
19.04.2024;14:14:50;21,00;73,0
19.04.2024;14:14:51;28,00;63,0
19.04.2024;14:14:52;29,00;79,0
19.04.2024;14:14:53;27,00;45,0
19.04.2024;14:14:54;22,00;37,0
19.04.2024;14:14:55;30,00;78,0
19.04.2024;14:14:56;22,00;63,0
19.04.2024;14:14:57;21,00;81,0
19.04.2024;14:14:58;19,00;50,0
19.04.2024;14:14:59;22,00;79,0
19.04.2024;14:15:00;25,00;69,0
19.04.2024;14:15:01;25,00;43,0
19.04.2024;14:15:02;30,00;68,0
19.04.2024;14:15:03;20,00;52,0
19.04.2024;14:15:04;24,00;74,0
19.04.2024;14:15:05;22,00;45,0
19.04.2024;14:15:06;21,00;39,0
19.04.2024;14:15:07;18,00;34,0
19.04.2024;14:15:08;28,00;80,0
19.04.2024;14:15:09;31,00;50,0
19.04.2024;14:15:10;28,00;59,0
19.04.2024;14:15:11;18,00;30,0
19.04.2024;14:15:12;18,00;38,0
19.04.2024;14:15:13;22,00;62,0
19.04.2024;14:15:14;17,00;40,0
19.04.2024;14:15:15;31,00;33,0
19.04.2024;14:15:16;29,00;52,0
19.04.2024;14:15:17;26,00;31,0
19.04.2024;14:15:18;28,00;79,0
19.04.2024;14:15:19;23,00;35,0
19.04.2024;14:15:20;22,00;70,0
19.04.2024;14:15:21;25,00;49,0
19.04.2024;14:15:22;24,00;36,0
19.04.2024;14:15:23;28,00;70,0
19.04.2024;14:15:24;22,00;66,0
19.04.2024;14:15:25;21,00;63,0
19.04.2024;14:15:26;27,00;83,0
19.04.2024;14:15:27;20,00;69,0
19.04.2024;14:15:28;32,00;44,0
19.04.2024;14:15:29;29,00;68,0
19.04.2024;14:15:30;22,00;33,0
19.04.2024;14:15:31;20,00;40,0
19.04.2024;14:15:32;23,00;70,0
19.04.2024;14:15:33;21,00;56,0
19.04.2024;14:15:34;27,00;72,0
19.04.2024;14:15:35;24,00;46,0
19.04.2024;14:15:36;21,00;55,0
19.04.2024;14:15:37;28,00;65,0
19.04.2024;14:15:38;30,00;57,0
19.04.2024;14:15:39;19,00;40,0
19.04.2024;14:15:40;26,00;85,0
19.04.2024;14:15:41;30,00;67,0
19.04.2024;14:15:42;17,00;44,0
19.04.2024;14:15:43;25,00;77,0
19.04.2024;14:15:44;25,00;70,0
19.04.2024;14:15:45;18,00;57,0
19.04.2024;14:15:46;26,00;51,0
19.04.2024;14:15:47;27,00;68,0
19.04.2024;14:15:48;23,00;51,0
19.04.2024;14:15:49;20,00;54,0
19.04.2024;14:15:50;20,00;49,0
19.04.2024;14:15:51;25,00;36,0
19.04.2024;14:15:52;29,00;41,0
19.04.2024;14:15:53;32,00;74,0
19.04.2024;14:15:54;22,00;43,0
19.04.2024;14:15:55;25,00;65,0
19.04.2024;14:15:56;23,00;38,0
19.04.2024;14:15:57;22,00;51,0
19.04.2024;14:15:58;22,00;72,0
19.04.2024;14:15:59;21,00;37,0
19.04.2024;14:16:00;29,00;53,0
19.04.2024;14:16:01;21,00;49,0
19.04.2024;14:16:02;23,00;61,0
19.04.2024;14:16:03;18,00;40,0
19.04.2024;14:16:04;28,00;59,0
19.04.2024;14:16:05;21,00;31,0
19.04.2024;14:16:06;17,00;80,0
19.04.2024;14:16:07;24,00;52,0
19.04.2024;14:16:08;21,00;77,0
19.04.2024;14:16:09;27,00;62,0
19.04.2024;14:16:10;24,00;57,0
19.04.2024;14:16:11;20,00;53,0
19.04.2024;14:16:12;30,00;32,0
19.04.2024;14:16:13;17,00;73,0
19.04.2024;14:16:14;27,00;77,0
19.04.2024;14:16:15;31,00;52,0
19.04.2024;14:16:16;22,00;62,0
19.04.2024;14:16:17;32,00;51,0
19.04.2024;14:16:18;24,00;64,0
19.04.2024;14:16:19;17,00;56,0
19.04.2024;14:16:20;22,00;81,0
19.04.2024;14:16:21;29,00;75,0
19.04.2024;14:16:22;32,00;71,0
19.04.2024;14:16:23;24,00;53,0
19.04.2024;14:16:24;19,00;38,0
19.04.2024;14:16:25;17,00;68,0
19.04.2024;14:16:26;25,00;71,0
19.04.2024;14:16:27;21,00;55,0
19.04.2024;14:16:28;17,00;43,0
19.04.2024;14:16:29;21,00;58,0
19.04.2024;14:16:30;30,00;35,0
19.04.2024;14:16:31;29,00;82,0
19.04.2024;14:16:32;17,00;62,0
19.04.2024;14:16:33;27,00;82,0
19.04.2024;14:16:34;19,00;83,0
19.04.2024;14:16:35;17,00;58,0
19.04.2024;14:16:36;17,00;71,0
19.04.2024;14:16:37;18,00;48,0
19.04.2024;14:16:38;20,00;57,0
19.04.2024;14:16:39;27,00;61,0
19.04.2024;14:16:40;24,00;74,0
19.04.2024;14:16:41;27,00;36,0
19.04.2024;14:16:42;26,00;78,0
19.04.2024;14:16:43;27,00;57,0
19.04.2024;14:16:44;26,00;32,0
19.04.2024;14:16:45;24,00;37,0
19.04.2024;14:16:46;18,00;68,0
19.04.2024;14:16:47;29,00;41,0
19.04.2024;14:16:48;30,00;37,0
19.04.2024;14:16:49;23,00;41,0
19.04.2024;14:16:50;21,00;44,0
19.04.2024;14:16:51;21,00;48,0
19.04.2024;14:16:52;31,00;66,0
19.04.2024;14:16:53;23,00;34,0
19.04.2024;14:16:54;27,00;64,0
19.04.2024;14:16:55;27,00;73,0
19.04.2024;14:16:56;24,00;82,0
19.04.2024;14:16:57;24,00;36,0
19.04.2024;14:16:58;27,00;67,0
19.04.2024;14:16:59;24,00;57,0
19.04.2024;14:17:00;22,00;60,0
19.04.2024;14:17:01;27,00;53,0
19.04.2024;14:17:02;18,00;63,0
19.04.2024;14:17:03;24,00;77,0
19.04.2024;14:17:04;21,00;42,0
19.04.2024;14:17:05;28,00;58,0
19.04.2024;14:17:06;21,00;79,0
19.04.2024;14:17:07;17,00;69,0
19.04.2024;14:17:08;25,00;35,0
19.04.2024;14:17:09;24,00;62,0
19.04.2024;14:17:10;25,00;49,0
19.04.2024;14:17:11;25,00;38,0
19.04.2024;14:17:12;20,00;61,0
19.04.2024;14:17:13;25,00;84,0
19.04.2024;14:17:14;21,00;61,0
19.04.2024;14:17:15;17,00;56,0
19.04.2024;14:17:16;22,00;64,0
19.04.2024;14:17:17;26,00;85,0
19.04.2024;14:17:18;21,00;36,0
19.04.2024;14:17:19;26,00;72,0
19.04.2024;14:17:20;25,00;79,0
19.04.2024;14:17:21;29,00;64,0
19.04.2024;14:17:22;20,00;66,0
19.04.2024;14:17:23;31,00;73,0
19.04.2024;14:17:24;32,00;55,0
19.04.2024;14:17:25;30,00;68,0
19.04.2024;14:17:26;32,00;65,0
19.04.2024;14:17:27;26,00;73,0
19.04.2024;14:17:28;31,00;51,0
19.04.2024;14:17:29;32,00;75,0
19.04.2024;14:17:30;17,00;35,0
19.04.2024;14:17:31;28,00;68,0
19.04.2024;14:17:32;28,00;40,0
19.04.2024;14:17:33;18,00;74,0
19.04.2024;14:17:34;29,00;69,0
19.04.2024;14:17:35;20,00;77,0
19.04.2024;14:17:36;26,00;55,0
19.04.2024;14:17:37;26,00;53,0
19.04.2024;14:17:38;19,00;62,0
19.04.2024;14:17:39;27,00;40,0
19.04.2024;14:17:40;29,00;67,0
19.04.2024;14:17:41;32,00;30,0
19.04.2024;14:17:42;19,00;38,0
19.04.2024;14:17:43;23,00;80,0
19.04.2024;14:17:44;31,00;70,0
19.04.2024;14:17:45;22,00;79,0
19.04.2024;14:17:46;23,00;44,0
19.04.2024;14:17:47;28,00;39,0
19.04.2024;14:17:48;30,00;61,0
19.04.2024;14:17:49;24,00;39,0
19.04.2024;14:17:50;17,00;41,0
19.04.2024;14:17:51;21,00;59,0
19.04.2024;14:17:52;20,00;75,0
19.04.2024;14:17:53;32,00;40,0
19.04.2024;14:17:54;20,00;32,0
19.04.2024;14:17:55;20,00;76,0
19.04.2024;14:17:56;27,00;50,0
19.04.2024;14:17:57;27,00;69,0
19.04.2024;14:17:58;32,00;59,0
19.04.2024;14:17:59;24,00;72,0
19.04.2024;14:18:00;24,00;64,0
19.04.2024;14:18:01;22,00;54,0
19.04.2024;14:18:02;26,00;41,0
19.04.2024;14:18:03;23,00;38,0
19.04.2024;14:18:04;31,00;38,0
19.04.2024;14:18:05;18,00;66,0
19.04.2024;14:18:06;17,00;73,0
19.04.2024;14:18:07;31,00;33,0
19.04.2024;14:18:08;31,00;55,0
19.04.2024;14:18:09;31,00;70,0
19.04.2024;14:18:10;31,00;46,0
19.04.2024;14:18:11;31,00;43,0
19.04.2024;14:18:12;28,00;38,0
19.04.2024;14:18:13;29,00;39,0
19.04.2024;14:18:14;26,00;58,0
19.04.2024;14:18:15;23,00;31,0
19.04.2024;14:18:16;25,00;34,0
19.04.2024;14:18:17;28,00;58,0
19.04.2024;14:18:18;23,00;85,0
19.04.2024;14:18:19;23,00;35,0
19.04.2024;14:18:20;29,00;44,0
19.04.2024;14:18:21;28,00;43,0
19.04.2024;14:18:22;31,00;42,0
19.04.2024;14:18:23;29,00;66,0
19.04.2024;14:18:24;25,00;80,0
19.04.2024;14:18:25;18,00;41,0
19.04.2024;14:18:26;29,00;30,0
19.04.2024;14:18:27;25,00;35,0
19.04.2024;14:18:28;22,00;84,0
19.04.2024;14:18:29;29,00;46,0
19.04.2024;14:18:30;27,00;38,0
19.04.2024;14:18:31;25,00;43,0
19.04.2024;14:18:32;23,00;59,0
19.04.2024;14:18:33;31,00;83,0
19.04.2024;14:18:34;27,00;59,0
19.04.2024;14:18:35;27,00;34,0
19.04.2024;14:18:36;20,00;38,0
19.04.2024;14:18:37;21,00;36,0
19.04.2024;14:18:38;30,00;80,0
19.04.2024;14:18:39;25,00;50,0
19.04.2024;14:18:40;31,00;33,0
19.04.2024;14:18:41;28,00;40,0
19.04.2024;14:18:42;29,00;75,0
19.04.2024;14:18:43;24,00;33,0
19.04.2024;14:18:44;22,00;45,0
19.04.2024;14:18:45;31,00;50,0
19.04.2024;14:18:46;21,00;37,0
19.04.2024;14:18:47;32,00;57,0
19.04.2024;14:18:48;17,00;76,0
19.04.2024;14:18:49;27,00;78,0
19.04.2024;14:18:50;29,00;56,0
19.04.2024;14:18:51;19,00;84,0
19.04.2024;14:18:52;18,00;41,0
19.04.2024;14:18:53;29,00;39,0
19.04.2024;14:18:54;22,00;42,0
19.04.2024;14:18:55;24,00;40,0
19.04.2024;14:18:56;27,00;76,0
19.04.2024;14:18:57;24,00;81,0
19.04.2024;14:18:58;27,00;59,0
19.04.2024;14:18:59;20,00;77,0
19.04.2024;14:19:00;18,00;30,0
19.04.2024;14:19:01;17,00;85,0
19.04.2024;14:19:02;28,00;74,0
19.04.2024;14:19:03;21,00;66,0
19.04.2024;14:19:04;21,00;63,0
19.04.2024;14:19:05;29,00;35,0
19.04.2024;14:19:06;23,00;68,0
19.04.2024;14:19:07;31,00;75,0
19.04.2024;14:19:08;23,00;38,0
19.04.2024;14:19:09;28,00;68,0
19.04.2024;14:19:10;20,00;31,0
19.04.2024;14:19:11;20,00;46,0
19.04.2024;14:19:12;22,00;82,0
19.04.2024;14:19:13;17,00;67,0
19.04.2024;14:19:14;30,00;54,0
19.04.2024;14:19:15;32,00;83,0
19.04.2024;14:19:16;20,00;61,0
19.04.2024;14:19:17;27,00;40,0
19.04.2024;14:19:18;19,00;82,0
19.04.2024;14:19:19;20,00;77,0
19.04.2024;14:19:20;17,00;50,0
19.04.2024;14:19:21;24,00;40,0
19.04.2024;14:19:22;18,00;69,0
19.04.2024;14:19:23;31,00;40,0
19.04.2024;14:19:24;19,00;45,0
19.04.2024;14:19:25;32,00;73,0
19.04.2024;14:19:26;18,00;32,0
19.04.2024;14:19:27;22,00;72,0
19.04.2024;14:19:28;17,00;57,0
19.04.2024;14:19:29;21,00;68,0
19.04.2024;14:19:30;22,00;37,0
19.04.2024;14:19:31;18,00;63,0
19.04.2024;14:19:32;21,00;55,0
19.04.2024;14:19:33;22,00;45,0
19.04.2024;14:19:34;23,00;70,0
19.04.2024;14:19:35;27,00;50,0
19.04.2024;14:19:36;30,00;69,0
19.04.2024;14:19:37;17,00;74,0
19.04.2024;14:19:38;29,00;56,0
19.04.2024;14:19:39;26,00;54,0
19.04.2024;14:19:40;24,00;79,0
19.04.2024;14:19:41;25,00;49,0
19.04.2024;14:19:42;22,00;43,0
19.04.2024;14:19:43;30,00;43,0
19.04.2024;14:19:44;32,00;57,0
19.04.2024;14:19:45;17,00;46,0
19.04.2024;14:19:46;21,00;35,0
19.04.2024;14:19:47;27,00;81,0
19.04.2024;14:19:48;27,00;47,0
19.04.2024;14:19:49;19,00;37,0
19.04.2024;14:19:50;19,00;72,0
19.04.2024;14:19:51;25,00;41,0
19.04.2024;14:19:52;27,00;41,0
19.04.2024;14:19:53;31,00;69,0
19.04.2024;14:19:54;24,00;64,0
19.04.2024;14:19:55;17,00;79,0
19.04.2024;14:19:56;27,00;76,0
19.04.2024;14:19:57;29,00;52,0
19.04.2024;14:19:58;22,00;32,0
19.04.2024;14:19:59;30,00;43,0
19.04.2024;14:20:00;17,00;34,0
19.04.2024;14:20:01;31,00;32,0
19.04.2024;14:20:02;32,00;66,0
19.04.2024;14:20:03;18,00;52,0
19.04.2024;14:20:04;29,00;71,0
19.04.2024;14:20:05;27,00;76,0
19.04.2024;14:20:06;17,00;43,0
19.04.2024;14:20:07;25,00;83,0
19.04.2024;14:20:08;21,00;84,0
19.04.2024;14:20:09;31,00;66,0
19.04.2024;14:20:10;25,00;36,0
19.04.2024;14:20:11;27,00;82,0
19.04.2024;14:20:12;20,00;53,0
19.04.2024;14:20:13;26,00;31,0
19.04.2024;14:20:14;23,00;65,0
19.04.2024;14:20:15;21,00;59,0
19.04.2024;14:20:16;29,00;44,0
19.04.2024;14:20:17;21,00;50,0
19.04.2024;14:20:18;31,00;61,0
19.04.2024;14:20:19;19,00;82,0
19.04.2024;14:20:20;25,00;84,0
19.04.2024;14:20:21;21,00;60,0
19.04.2024;14:20:22;26,00;41,0
19.04.2024;14:20:23;32,00;82,0
19.04.2024;14:20:24;30,00;75,0
19.04.2024;14:20:25;25,00;70,0
19.04.2024;14:20:26;32,00;67,0
19.04.2024;14:20:27;17,00;55,0
19.04.2024;14:20:28;18,00;81,0
19.04.2024;14:20:29;28,00;80,0
19.04.2024;14:20:30;29,00;42,0
19.04.2024;14:20:31;29,00;81,0
19.04.2024;14:20:32;17,00;35,0
19.04.2024;14:20:33;27,00;46,0
19.04.2024;14:20:34;28,00;36,0
19.04.2024;14:20:35;20,00;59,0
19.04.2024;14:20:36;21,00;72,0
19.04.2024;14:20:37;20,00;63,0
19.04.2024;14:20:38;24,00;56,0
19.04.2024;14:20:39;30,00;82,0
19.04.2024;14:20:40;27,00;54,0
19.04.2024;14:20:41;29,00;49,0
19.04.2024;14:20:42;17,00;41,0
19.04.2024;14:20:43;19,00;51,0
19.04.2024;14:20:44;17,00;46,0
19.04.2024;14:20:45;24,00;56,0
19.04.2024;14:20:46;21,00;44,0
19.04.2024;14:20:47;28,00;36,0
19.04.2024;14:20:48;25,00;78,0
19.04.2024;14:20:49;20,00;49,0
19.04.2024;14:20:50;28,00;44,0
19.04.2024;14:20:51;22,00;77,0
19.04.2024;14:20:52;25,00;34,0
19.04.2024;14:20:53;22,00;64,0
19.04.2024;14:20:54;29,00;51,0
19.04.2024;14:20:55;26,00;75,0
19.04.2024;14:20:56;31,00;71,0
19.04.2024;14:20:57;28,00;65,0
19.04.2024;14:20:58;27,00;65,0
19.04.2024;14:20:59;29,00;46,0
19.04.2024;14:21:00;32,00;65,0
19.04.2024;14:21:01;22,00;81,0
19.04.2024;14:21:02;32,00;81,0
19.04.2024;14:21:03;23,00;31,0
19.04.2024;14:21:04;23,00;55,0
19.04.2024;14:21:05;27,00;77,0
19.04.2024;14:21:06;19,00;83,0
19.04.2024;14:21:07;26,00;84,0
19.04.2024;14:21:08;25,00;52,0
19.04.2024;14:21:09;21,00;52,0
19.04.2024;14:21:10;19,00;54,0
19.04.2024;14:21:11;25,00;81,0
19.04.2024;14:21:12;18,00;36,0
19.04.2024;14:21:13;24,00;61,0
19.04.2024;14:21:14;18,00;77,0
19.04.2024;14:21:15;24,00;72,0
19.04.2024;14:21:16;22,00;46,0
19.04.2024;14:21:17;29,00;37,0
19.04.2024;14:21:18;17,00;68,0
19.04.2024;14:21:19;29,00;60,0
19.04.2024;14:21:20;17,00;82,0
19.04.2024;14:21:21;28,00;83,0
19.04.2024;14:21:22;29,00;36,0
19.04.2024;14:21:23;22,00;68,0
19.04.2024;14:21:24;25,00;41,0
19.04.2024;14:21:25;26,00;76,0
19.04.2024;14:21:26;25,00;41,0
19.04.2024;14:21:27;19,00;52,0
19.04.2024;14:21:28;29,00;55,0
19.04.2024;14:21:29;26,00;43,0
19.04.2024;14:21:30;28,00;78,0
19.04.2024;14:21:31;17,00;31,0
19.04.2024;14:21:32;18,00;78,0
19.04.2024;14:21:33;24,00;82,0
19.04.2024;14:21:34;27,00;64,0
19.04.2024;14:21:35;31,00;33,0
19.04.2024;14:21:36;25,00;57,0
19.04.2024;14:21:37;22,00;61,0
19.04.2024;14:21:38;27,00;47,0
19.04.2024;14:21:39;25,00;36,0
19.04.2024;14:21:40;20,00;50,0
19.04.2024;14:21:41;21,00;42,0
19.04.2024;14:21:42;23,00;82,0
19.04.2024;14:21:43;17,00;31,0
19.04.2024;14:21:44;25,00;30,0
19.04.2024;14:21:45;21,00;76,0
19.04.2024;14:21:46;27,00;36,0
19.04.2024;14:21:47;32,00;35,0
19.04.2024;14:21:48;30,00;72,0
19.04.2024;14:21:49;19,00;71,0
19.04.2024;14:21:50;24,00;72,0
19.04.2024;14:21:51;19,00;39,0
19.04.2024;14:21:52;32,00;40,0
19.04.2024;14:21:53;19,00;31,0
19.04.2024;14:21:54;30,00;48,0
19.04.2024;14:21:55;28,00;63,0
19.04.2024;14:21:56;27,00;57,0
19.04.2024;14:21:57;27,00;40,0
19.04.2024;14:21:58;26,00;79,0
19.04.2024;14:21:59;21,00;37,0
19.04.2024;14:22:00;24,00;40,0
19.04.2024;14:22:01;22,00;74,0
19.04.2024;14:22:02;29,00;46,0
19.04.2024;14:22:03;17,00;67,0
19.04.2024;14:22:04;24,00;64,0
19.04.2024;14:22:05;24,00;70,0
19.04.2024;14:22:06;27,00;34,0
19.04.2024;14:22:07;31,00;78,0
19.04.2024;14:22:08;32,00;45,0
19.04.2024;14:22:09;30,00;54,0
19.04.2024;14:22:10;23,00;55,0
19.04.2024;14:22:11;20,00;44,0
19.04.2024;14:22:12;23,00;81,0
19.04.2024;14:22:13;30,00;41,0
19.04.2024;14:22:14;31,00;63,0
19.04.2024;14:22:15;20,00;69,0
19.04.2024;14:22:16;19,00;71,0
19.04.2024;14:22:17;23,00;60,0
19.04.2024;14:22:18;28,00;48,0
19.04.2024;14:22:19;18,00;70,0
19.04.2024;14:22:20;21,00;61,0
19.04.2024;14:22:21;29,00;30,0
19.04.2024;14:22:22;26,00;53,0
19.04.2024;14:22:23;28,00;54,0
19.04.2024;14:22:24;20,00;70,0
19.04.2024;14:22:25;27,00;84,0
19.04.2024;14:22:26;22,00;81,0
19.04.2024;14:22:27;20,00;74,0
19.04.2024;14:22:28;26,00;80,0
19.04.2024;14:22:29;26,00;60,0
19.04.2024;14:22:30;18,00;50,0
19.04.2024;14:22:31;18,00;57,0
19.04.2024;14:22:32;27,00;70,0
19.04.2024;14:22:33;25,00;70,0
19.04.2024;14:22:34;30,00;66,0
19.04.2024;14:22:35;17,00;78,0
19.04.2024;14:22:36;17,00;72,0
19.04.2024;14:22:37;21,00;79,0
19.04.2024;14:22:38;27,00;41,0
19.04.2024;14:22:39;25,00;60,0
19.04.2024;14:22:40;25,00;57,0
19.04.2024;14:22:41;18,00;83,0
19.04.2024;14:22:42;25,00;59,0
19.04.2024;14:22:43;21,00;65,0
19.04.2024;14:22:44;31,00;54,0
19.04.2024;14:22:45;24,00;79,0
19.04.2024;14:22:46;23,00;84,0
19.04.2024;14:22:47;22,00;49,0
19.04.2024;14:22:48;19,00;36,0
19.04.2024;14:22:49;32,00;60,0
19.04.2024;14:22:50;17,00;46,0
19.04.2024;14:22:51;21,00;78,0
19.04.2024;14:22:52;25,00;32,0
19.04.2024;14:22:53;17,00;75,0
19.04.2024;14:22:54;28,00;62,0
19.04.2024;14:22:55;17,00;56,0
19.04.2024;14:22:56;24,00;77,0
19.04.2024;14:22:57;30,00;64,0
19.04.2024;14:22:58;30,00;76,0
19.04.2024;14:22:59;24,00;39,0
19.04.2024;14:23:00;26,00;73,0
19.04.2024;14:23:01;25,00;64,0
19.04.2024;14:23:02;26,00;81,0
19.04.2024;14:23:03;22,00;82,0
19.04.2024;14:23:04;30,00;33,0
19.04.2024;14:23:05;22,00;55,0
19.04.2024;14:23:06;27,00;68,0
19.04.2024;14:23:07;30,00;45,0
19.04.2024;14:23:08;25,00;57,0
19.04.2024;14:23:09;19,00;56,0
19.04.2024;14:23:10;20,00;62,0
19.04.2024;14:23:11;30,00;65,0
19.04.2024;14:23:12;31,00;70,0
19.04.2024;14:23:13;27,00;80,0
19.04.2024;14:23:14;19,00;51,0
19.04.2024;14:23:15;21,00;69,0
19.04.2024;14:23:16;26,00;60,0
19.04.2024;14:23:17;27,00;78,0
19.04.2024;14:23:18;18,00;49,0
19.04.2024;14:23:19;26,00;66,0
19.04.2024;14:23:20;30,00;57,0
19.04.2024;14:23:21;29,00;49,0
19.04.2024;14:23:22;21,00;70,0
19.04.2024;14:23:23;24,00;83,0
19.04.2024;14:23:24;22,00;37,0
19.04.2024;14:23:25;26,00;78,0
19.04.2024;14:23:26;18,00;47,0
19.04.2024;14:23:27;17,00;78,0
19.04.2024;14:23:28;27,00;31,0
19.04.2024;14:23:29;18,00;33,0
19.04.2024;14:23:30;17,00;76,0
19.04.2024;14:23:31;31,00;84,0
19.04.2024;14:23:32;27,00;75,0
19.04.2024;14:23:33;20,00;79,0
19.04.2024;14:23:34;22,00;65,0
19.04.2024;14:23:35;31,00;36,0
19.04.2024;14:23:36;29,00;59,0
19.04.2024;14:23:37;21,00;58,0
19.04.2024;14:23:38;20,00;36,0
19.04.2024;14:23:39;32,00;50,0
19.04.2024;14:23:40;23,00;43,0
19.04.2024;14:23:41;31,00;80,0
19.04.2024;14:23:42;22,00;52,0
19.04.2024;14:23:43;32,00;59,0
19.04.2024;14:23:44;17,00;39,0
19.04.2024;14:23:45;26,00;46,0
19.04.2024;14:23:46;21,00;71,0
19.04.2024;14:23:47;20,00;65,0
19.04.2024;14:23:48;18,00;54,0
19.04.2024;14:23:49;27,00;77,0
19.04.2024;14:23:50;24,00;79,0
19.04.2024;14:23:51;28,00;82,0
19.04.2024;14:23:52;29,00;70,0
19.04.2024;14:23:53;32,00;65,0
19.04.2024;14:23:54;32,00;39,0
19.04.2024;14:23:55;25,00;73,0
19.04.2024;14:23:56;21,00;71,0
19.04.2024;14:23:57;17,00;78,0
19.04.2024;14:23:58;21,00;52,0
19.04.2024;14:23:59;31,00;72,0
19.04.2024;14:24:00;19,00;47,0
19.04.2024;14:24:01;28,00;33,0
19.04.2024;14:24:02;18,00;64,0
19.04.2024;14:24:03;30,00;76,0
19.04.2024;14:24:04;30,00;30,0
19.04.2024;14:24:05;18,00;35,0
19.04.2024;14:24:06;23,00;30,0
19.04.2024;14:24:07;23,00;44,0
19.04.2024;14:24:08;18,00;64,0
19.04.2024;14:24:09;21,00;52,0
19.04.2024;14:24:10;25,00;37,0
19.04.2024;14:24:11;21,00;60,0
19.04.2024;14:24:12;22,00;46,0
19.04.2024;14:24:13;17,00;71,0
19.04.2024;14:24:14;23,00;47,0
19.04.2024;14:24:15;26,00;80,0
19.04.2024;14:24:16;20,00;41,0
19.04.2024;14:24:17;21,00;81,0
19.04.2024;14:24:18;30,00;60,0
19.04.2024;14:24:19;21,00;37,0
19.04.2024;14:24:20;20,00;61,0
19.04.2024;14:24:21;28,00;31,0
19.04.2024;14:24:22;31,00;70,0
19.04.2024;14:24:23;30,00;72,0
19.04.2024;14:24:24;31,00;69,0
19.04.2024;14:24:25;21,00;62,0
19.04.2024;14:24:26;22,00;43,0
19.04.2024;14:24:27;22,00;53,0
19.04.2024;14:24:28;19,00;77,0
19.04.2024;14:24:29;32,00;49,0
19.04.2024;14:24:30;22,00;37,0
19.04.2024;14:24:31;18,00;59,0
19.04.2024;14:24:32;18,00;30,0
19.04.2024;14:24:33;18,00;63,0
19.04.2024;14:24:34;32,00;58,0
19.04.2024;14:24:35;21,00;75,0
19.04.2024;14:24:36;27,00;53,0
19.04.2024;14:24:37;17,00;36,0
19.04.2024;14:24:38;26,00;38,0
19.04.2024;14:24:39;23,00;82,0
19.04.2024;14:24:40;19,00;37,0
19.04.2024;14:24:41;19,00;74,0
19.04.2024;14:24:42;24,00;31,0
19.04.2024;14:24:43;21,00;73,0
19.04.2024;14:24:44;29,00;51,0
19.04.2024;14:24:45;27,00;32,0
19.04.2024;14:24:46;32,00;60,0
19.04.2024;14:24:47;24,00;80,0
19.04.2024;14:24:48;22,00;43,0
19.04.2024;14:24:49;21,00;60,0
19.04.2024;14:24:50;31,00;59,0
19.04.2024;14:24:51;24,00;81,0
19.04.2024;14:24:52;25,00;38,0
19.04.2024;14:24:53;28,00;42,0
19.04.2024;14:24:54;27,00;84,0
19.04.2024;14:24:55;29,00;40,0
19.04.2024;14:24:56;32,00;66,0
19.04.2024;14:24:57;32,00;77,0
19.04.2024;14:24:58;29,00;49,0
19.04.2024;14:24:59;32,00;67,0
19.04.2024;14:25:00;29,00;73,0
19.04.2024;14:25:01;28,00;52,0
19.04.2024;14:25:02;25,00;43,0
19.04.2024;14:25:03;30,00;67,0
19.04.2024;14:25:04;19,00;75,0
19.04.2024;14:25:05;32,00;72,0
19.04.2024;14:25:06;28,00;55,0
19.04.2024;14:25:07;20,00;68,0
19.04.2024;14:25:08;20,00;46,0
19.04.2024;14:25:09;26,00;36,0
19.04.2024;14:25:10;32,00;73,0
19.04.2024;14:25:11;18,00;61,0
19.04.2024;14:25:12;19,00;78,0
19.04.2024;14:25:13;17,00;61,0
19.04.2024;14:25:14;25,00;31,0
19.04.2024;14:25:15;19,00;57,0
19.04.2024;14:25:16;32,00;75,0
19.04.2024;14:25:17;31,00;62,0
19.04.2024;14:25:18;28,00;50,0
19.04.2024;14:25:19;20,00;62,0
19.04.2024;14:25:20;21,00;73,0
19.04.2024;14:25:21;26,00;61,0
19.04.2024;14:25:22;23,00;62,0
19.04.2024;14:25:23;32,00;36,0
19.04.2024;14:25:24;27,00;36,0
19.04.2024;14:25:25;21,00;30,0
19.04.2024;14:25:26;27,00;51,0
19.04.2024;14:25:27;17,00;78,0
19.04.2024;14:25:28;17,00;52,0
19.04.2024;14:25:29;30,00;59,0
19.04.2024;14:25:30;28,00;50,0
19.04.2024;14:25:31;31,00;49,0
19.04.2024;14:25:32;25,00;52,0
19.04.2024;14:25:33;28,00;67,0
19.04.2024;14:25:34;26,00;57,0
19.04.2024;14:25:35;28,00;57,0
19.04.2024;14:25:36;22,00;73,0
19.04.2024;14:25:37;30,00;43,0
19.04.2024;14:25:38;24,00;51,0
19.04.2024;14:25:39;19,00;55,0
19.04.2024;14:25:40;19,00;67,0
19.04.2024;14:25:41;30,00;65,0
19.04.2024;14:25:42;28,00;39,0
19.04.2024;14:25:43;32,00;33,0
19.04.2024;14:25:44;21,00;62,0
19.04.2024;14:25:45;26,00;84,0
19.04.2024;14:25:46;21,00;83,0
19.04.2024;14:25:47;27,00;65,0
19.04.2024;14:25:48;22,00;41,0
19.04.2024;14:25:49;23,00;54,0
19.04.2024;14:25:50;17,00;56,0
19.04.2024;14:25:51;30,00;43,0
19.04.2024;14:25:52;29,00;83,0
19.04.2024;14:25:53;26,00;60,0
19.04.2024;14:25:54;28,00;41,0
19.04.2024;14:25:55;19,00;57,0
19.04.2024;14:25:56;28,00;56,0
19.04.2024;14:25:57;29,00;63,0
19.04.2024;14:25:58;18,00;70,0
19.04.2024;14:25:59;26,00;81,0
19.04.2024;14:26:00;31,00;84,0
19.04.2024;14:26:01;22,00;62,0
19.04.2024;14:26:02;29,00;42,0
19.04.2024;14:26:03;28,00;71,0
19.04.2024;14:26:04;20,00;57,0
19.04.2024;14:26:05;20,00;58,0
19.04.2024;14:26:06;27,00;47,0
19.04.2024;14:26:07;30,00;33,0
19.04.2024;14:26:08;32,00;39,0
19.04.2024;14:26:09;23,00;62,0
19.04.2024;14:26:10;24,00;49,0
19.04.2024;14:26:11;26,00;72,0
19.04.2024;14:26:12;19,00;63,0
19.04.2024;14:26:13;22,00;35,0
19.04.2024;14:26:14;31,00;71,0
19.04.2024;14:26:15;30,00;60,0
19.04.2024;14:26:16;31,00;37,0
19.04.2024;14:26:17;26,00;50,0
19.04.2024;14:26:18;24,00;83,0
19.04.2024;14:26:19;21,00;77,0
19.04.2024;14:26:20;23,00;56,0
19.04.2024;14:26:21;29,00;57,0
19.04.2024;14:26:22;32,00;64,0
19.04.2024;14:26:23;30,00;68,0
19.04.2024;14:26:24;32,00;50,0
19.04.2024;14:26:25;20,00;46,0
19.04.2024;14:26:26;18,00;60,0
19.04.2024;14:26:27;26,00;67,0
19.04.2024;14:26:28;27,00;81,0
19.04.2024;14:26:29;32,00;70,0
19.04.2024;14:26:30;19,00;72,0
19.04.2024;14:26:31;28,00;41,0
19.04.2024;14:26:32;23,00;66,0
19.04.2024;14:26:33;22,00;33,0
19.04.2024;14:26:34;22,00;46,0
19.04.2024;14:26:35;30,00;34,0
19.04.2024;14:26:36;22,00;71,0
19.04.2024;14:26:37;21,00;78,0
19.04.2024;14:26:38;19,00;51,0
19.04.2024;14:26:39;29,00;56,0
19.04.2024;14:26:40;25,00;44,0
19.04.2024;14:26:41;31,00;82,0
19.04.2024;14:26:42;27,00;75,0
19.04.2024;14:26:43;28,00;84,0
19.04.2024;14:26:44;17,00;83,0
19.04.2024;14:26:45;22,00;31,0
19.04.2024;14:26:46;31,00;65,0
19.04.2024;14:26:47;29,00;30,0
19.04.2024;14:26:48;32,00;74,0
19.04.2024;14:26:49;20,00;41,0
19.04.2024;14:26:50;18,00;40,0
19.04.2024;14:26:51;31,00;80,0
19.04.2024;14:26:52;19,00;85,0
19.04.2024;14:26:53;18,00;62,0
19.04.2024;14:26:54;24,00;52,0
19.04.2024;14:26:55;19,00;41,0
19.04.2024;14:26:56;21,00;45,0
19.04.2024;14:26:57;22,00;48,0
19.04.2024;14:26:58;22,00;41,0
19.04.2024;14:26:59;22,00;41,0
19.04.2024;14:27:00;23,00;49,0
19.04.2024;14:27:01;19,00;38,0
19.04.2024;14:27:02;27,00;56,0
19.04.2024;14:27:03;31,00;71,0
19.04.2024;14:27:04;31,00;51,0
19.04.2024;14:27:05;32,00;60,0
19.04.2024;14:27:06;21,00;66,0
19.04.2024;14:27:07;29,00;64,0
19.04.2024;14:27:08;17,00;54,0
19.04.2024;14:27:09;26,00;33,0
19.04.2024;14:27:10;29,00;62,0
19.04.2024;14:27:11;30,00;74,0
19.04.2024;14:27:12;22,00;51,0
19.04.2024;14:27:13;25,00;83,0
19.04.2024;14:27:14;27,00;33,0
19.04.2024;14:27:15;17,00;50,0
19.04.2024;14:27:16;30,00;68,0
19.04.2024;14:27:17;22,00;81,0
19.04.2024;14:27:18;30,00;69,0
19.04.2024;14:27:19;22,00;77,0
19.04.2024;14:27:20;22,00;34,0
19.04.2024;14:27:21;30,00;48,0
19.04.2024;14:27:22;25,00;73,0
19.04.2024;14:27:23;31,00;43,0
19.04.2024;14:27:24;19,00;38,0
19.04.2024;14:27:25;24,00;65,0
19.04.2024;14:27:26;29,00;55,0
19.04.2024;14:27:27;32,00;60,0
19.04.2024;14:27:28;31,00;85,0
19.04.2024;14:27:29;29,00;73,0
19.04.2024;14:27:30;28,00;69,0
19.04.2024;14:27:31;26,00;54,0
19.04.2024;14:27:32;31,00;84,0
19.04.2024;14:27:33;32,00;69,0
19.04.2024;14:27:34;32,00;64,0
19.04.2024;14:27:35;24,00;76,0
19.04.2024;14:27:36;31,00;84,0
19.04.2024;14:27:37;27,00;55,0
19.04.2024;14:27:38;28,00;82,0
19.04.2024;14:27:39;30,00;39,0
19.04.2024;14:27:40;25,00;69,0
19.04.2024;14:27:41;26,00;48,0
19.04.2024;14:27:42;31,00;67,0
19.04.2024;14:27:43;21,00;45,0
19.04.2024;14:27:44;30,00;55,0
19.04.2024;14:27:45;32,00;56,0
19.04.2024;14:27:46;22,00;71,0
19.04.2024;14:27:47;26,00;41,0
19.04.2024;14:27:48;20,00;59,0
19.04.2024;14:27:49;18,00;38,0
19.04.2024;14:27:50;20,00;57,0
19.04.2024;14:27:51;29,00;33,0
19.04.2024;14:27:52;22,00;37,0
19.04.2024;14:27:53;22,00;31,0
19.04.2024;14:27:54;21,00;59,0
19.04.2024;14:27:55;23,00;39,0
19.04.2024;14:27:56;24,00;56,0
19.04.2024;14:27:57;22,00;80,0
19.04.2024;14:27:58;26,00;78,0
19.04.2024;14:27:59;21,00;73,0
19.04.2024;14:28:00;27,00;45,0
19.04.2024;14:28:01;29,00;55,0
19.04.2024;14:28:02;17,00;49,0
19.04.2024;14:28:03;31,00;44,0
19.04.2024;14:28:04;24,00;78,0
19.04.2024;14:28:05;29,00;64,0
19.04.2024;14:28:06;32,00;43,0
19.04.2024;14:28:07;28,00;56,0
19.04.2024;14:28:08;22,00;79,0
19.04.2024;14:28:09;20,00;78,0
19.04.2024;14:28:10;18,00;79,0
19.04.2024;14:28:11;17,00;58,0
19.04.2024;14:28:12;28,00;85,0
19.04.2024;14:28:13;17,00;78,0
19.04.2024;14:28:14;18,00;53,0
19.04.2024;14:28:15;18,00;78,0
19.04.2024;14:28:16;31,00;36,0
19.04.2024;14:28:17;21,00;34,0
19.04.2024;14:28:18;25,00;45,0
19.04.2024;14:28:19;29,00;82,0
19.04.2024;14:28:20;24,00;69,0
19.04.2024;14:28:21;24,00;39,0
19.04.2024;14:28:22;25,00;63,0
19.04.2024;14:28:23;17,00;45,0
19.04.2024;14:28:24;23,00;76,0
19.04.2024;14:28:25;28,00;84,0
19.04.2024;14:28:26;28,00;61,0
19.04.2024;14:28:27;31,00;59,0
19.04.2024;14:28:28;18,00;66,0
19.04.2024;14:28:29;17,00;30,0
19.04.2024;14:28:30;28,00;76,0
19.04.2024;14:28:31;26,00;76,0
19.04.2024;14:28:32;29,00;38,0
19.04.2024;14:28:33;29,00;42,0
19.04.2024;14:28:34;22,00;54,0
19.04.2024;14:28:35;18,00;64,0
19.04.2024;14:28:36;31,00;75,0
19.04.2024;14:28:37;25,00;46,0
19.04.2024;14:28:38;28,00;45,0
19.04.2024;14:28:39;26,00;37,0
19.04.2024;14:28:40;24,00;69,0
19.04.2024;14:28:41;32,00;79,0
19.04.2024;14:28:42;17,00;51,0
19.04.2024;14:28:43;19,00;32,0
19.04.2024;14:28:44;22,00;69,0
19.04.2024;14:28:45;24,00;36,0
19.04.2024;14:28:46;20,00;78,0
19.04.2024;14:28:47;19,00;31,0
19.04.2024;14:28:48;31,00;79,0
19.04.2024;14:28:49;32,00;34,0
19.04.2024;14:28:50;18,00;34,0
19.04.2024;14:28:51;24,00;77,0
19.04.2024;14:28:52;20,00;71,0
19.04.2024;14:28:53;31,00;68,0
19.04.2024;14:28:54;19,00;53,0
19.04.2024;14:28:55;30,00;68,0
19.04.2024;14:28:56;30,00;56,0
19.04.2024;14:28:57;19,00;49,0
19.04.2024;14:28:58;24,00;40,0
19.04.2024;14:28:59;18,00;71,0
19.04.2024;14:29:00;25,00;35,0
19.04.2024;14:29:01;21,00;48,0
19.04.2024;14:29:02;32,00;76,0
19.04.2024;14:29:03;17,00;75,0
19.04.2024;14:29:04;20,00;56,0
19.04.2024;14:29:05;23,00;33,0
19.04.2024;14:29:06;28,00;63,0
19.04.2024;14:29:07;19,00;31,0
19.04.2024;14:29:08;23,00;58,0
19.04.2024;14:29:09;23,00;46,0
19.04.2024;14:29:10;27,00;31,0
19.04.2024;14:29:11;26,00;66,0
19.04.2024;14:29:12;32,00;81,0
19.04.2024;14:29:13;22,00;82,0
19.04.2024;14:29:14;22,00;63,0
19.04.2024;14:29:15;29,00;33,0
19.04.2024;14:29:16;24,00;69,0
19.04.2024;14:29:17;22,00;58,0
19.04.2024;14:29:18;26,00;54,0
19.04.2024;14:29:19;20,00;76,0
19.04.2024;14:29:20;25,00;73,0
19.04.2024;14:29:21;19,00;63,0
19.04.2024;14:29:22;18,00;53,0
19.04.2024;14:29:23;30,00;84,0
19.04.2024;14:29:24;32,00;63,0
19.04.2024;14:29:25;29,00;76,0
19.04.2024;14:29:26;26,00;66,0
19.04.2024;14:29:27;32,00;47,0
19.04.2024;14:29:28;28,00;67,0
19.04.2024;14:29:29;24,00;44,0
19.04.2024;14:29:30;30,00;63,0
19.04.2024;14:29:31;22,00;47,0
19.04.2024;14:29:32;32,00;80,0
19.04.2024;14:29:33;27,00;83,0
19.04.2024;14:29:34;22,00;67,0
19.04.2024;14:29:35;29,00;84,0
19.04.2024;14:29:36;28,00;72,0
19.04.2024;14:29:37;25,00;53,0
19.04.2024;14:29:38;23,00;33,0
19.04.2024;14:29:39;24,00;79,0
19.04.2024;14:29:40;25,00;78,0
19.04.2024;14:29:41;19,00;39,0
19.04.2024;14:29:42;24,00;70,0
19.04.2024;14:29:43;30,00;67,0
19.04.2024;14:29:44;30,00;46,0
19.04.2024;14:29:45;29,00;63,0
19.04.2024;14:29:46;19,00;42,0
19.04.2024;14:29:47;19,00;65,0
19.04.2024;14:29:48;24,00;69,0
19.04.2024;14:29:49;31,00;74,0
19.04.2024;14:29:50;18,00;49,0
19.04.2024;14:29:51;17,00;41,0
19.04.2024;14:29:52;31,00;55,0
19.04.2024;14:29:53;22,00;77,0
19.04.2024;14:29:54;20,00;61,0
19.04.2024;14:29:55;25,00;80,0
19.04.2024;14:29:56;29,00;33,0
19.04.2024;14:29:57;29,00;56,0
19.04.2024;14:29:58;28,00;57,0
19.04.2024;14:29:59;28,00;80,0
19.04.2024;14:30:00;22,00;67,0
19.04.2024;14:30:01;19,00;72,0
19.04.2024;14:30:02;29,00;49,0
19.04.2024;14:30:03;32,00;75,0
19.04.2024;14:30:04;26,00;41,0
19.04.2024;14:30:05;23,00;33,0
19.04.2024;14:30:06;32,00;52,0
19.04.2024;14:30:07;31,00;55,0
19.04.2024;14:30:08;21,00;72,0
19.04.2024;14:30:09;31,00;82,0
19.04.2024;14:30:10;18,00;72,0
19.04.2024;14:30:11;26,00;55,0
19.04.2024;14:30:12;25,00;44,0
19.04.2024;14:30:13;30,00;63,0
19.04.2024;14:30:14;22,00;50,0
19.04.2024;14:30:15;26,00;78,0
19.04.2024;14:30:16;32,00;45,0
19.04.2024;14:30:17;17,00;45,0
19.04.2024;14:30:18;25,00;53,0
19.04.2024;14:30:19;22,00;51,0
19.04.2024;14:30:20;25,00;59,0
19.04.2024;14:30:21;19,00;51,0
19.04.2024;14:30:22;23,00;39,0
19.04.2024;14:30:23;29,00;52,0
19.04.2024;14:30:24;28,00;42,0
19.04.2024;14:30:25;22,00;81,0
19.04.2024;14:30:26;21,00;30,0
19.04.2024;14:30:27;23,00;69,0
19.04.2024;14:30:28;26,00;75,0
19.04.2024;14:30:29;23,00;31,0
19.04.2024;14:30:30;30,00;63,0
19.04.2024;14:30:31;28,00;80,0
19.04.2024;14:30:32;30,00;69,0
19.04.2024;14:30:33;29,00;43,0
19.04.2024;14:30:34;29,00;67,0
19.04.2024;14:30:35;21,00;75,0
19.04.2024;14:30:36;18,00;76,0
19.04.2024;14:30:37;26,00;53,0
19.04.2024;14:30:38;23,00;65,0
19.04.2024;14:30:39;20,00;48,0
19.04.2024;14:30:40;31,00;85,0
19.04.2024;14:30:41;25,00;71,0
19.04.2024;14:30:42;22,00;33,0
19.04.2024;14:30:43;26,00;51,0
19.04.2024;14:30:44;17,00;75,0
19.04.2024;14:30:45;27,00;67,0
19.04.2024;14:30:46;24,00;75,0
19.04.2024;14:30:47;22,00;76,0
19.04.2024;14:30:48;22,00;42,0
19.04.2024;14:30:49;18,00;77,0
19.04.2024;14:30:50;17,00;79,0
19.04.2024;14:30:51;21,00;53,0
19.04.2024;14:30:52;29,00;52,0
19.04.2024;14:30:53;22,00;61,0
19.04.2024;14:30:54;30,00;72,0
19.04.2024;14:30:55;23,00;46,0
19.04.2024;14:30:56;18,00;51,0
19.04.2024;14:30:57;27,00;54,0
19.04.2024;14:30:58;25,00;48,0
19.04.2024;14:30:59;24,00;78,0
19.04.2024;14:31:00;31,00;71,0
19.04.2024;14:31:01;27,00;30,0
19.04.2024;14:31:02;32,00;74,0
19.04.2024;14:31:03;24,00;63,0
19.04.2024;14:31:04;27,00;75,0
19.04.2024;14:31:05;32,00;59,0
19.04.2024;14:31:06;26,00;71,0
19.04.2024;14:31:07;28,00;85,0
19.04.2024;14:31:08;27,00;59,0
19.04.2024;14:31:09;26,00;51,0
19.04.2024;14:31:10;25,00;69,0
19.04.2024;14:31:11;22,00;50,0
19.04.2024;14:31:12;30,00;74,0
19.04.2024;14:31:13;28,00;54,0
19.04.2024;14:31:14;22,00;61,0
19.04.2024;14:31:15;29,00;74,0
19.04.2024;14:31:16;27,00;61,0
19.04.2024;14:31:17;21,00;48,0
19.04.2024;14:31:18;28,00;45,0
19.04.2024;14:31:19;25,00;75,0
19.04.2024;14:31:20;18,00;73,0
19.04.2024;14:31:21;23,00;78,0
19.04.2024;14:31:22;30,00;58,0
19.04.2024;14:31:23;21,00;85,0
19.04.2024;14:31:24;27,00;77,0
19.04.2024;14:31:25;32,00;60,0
19.04.2024;14:31:26;32,00;34,0
19.04.2024;14:31:27;28,00;32,0
19.04.2024;14:31:28;31,00;85,0
19.04.2024;14:31:29;18,00;79,0
19.04.2024;14:31:30;32,00;81,0
19.04.2024;14:31:31;29,00;81,0
19.04.2024;14:31:32;31,00;37,0
19.04.2024;14:31:33;30,00;65,0
19.04.2024;14:31:34;28,00;31,0
19.04.2024;14:31:35;30,00;60,0
19.04.2024;14:31:36;31,00;51,0
19.04.2024;14:31:37;29,00;56,0
19.04.2024;14:31:38;21,00;76,0
19.04.2024;14:31:39;31,00;30,0
19.04.2024;14:31:40;19,00;76,0
19.04.2024;14:31:41;27,00;30,0
19.04.2024;14:31:42;19,00;71,0
19.04.2024;14:31:43;26,00;83,0
19.04.2024;14:31:44;26,00;85,0
19.04.2024;14:31:45;26,00;73,0
19.04.2024;14:31:46;23,00;36,0
19.04.2024;14:31:47;20,00;85,0
19.04.2024;14:31:48;19,00;63,0
19.04.2024;14:31:49;31,00;68,0
19.04.2024;14:31:50;19,00;84,0
19.04.2024;14:31:51;32,00;81,0
19.04.2024;14:31:52;29,00;74,0
19.04.2024;14:31:53;17,00;60,0
19.04.2024;14:31:54;23,00;43,0
19.04.2024;14:31:55;26,00;44,0
19.04.2024;14:31:56;18,00;52,0
19.04.2024;14:31:57;17,00;54,0
19.04.2024;14:31:58;25,00;63,0
19.04.2024;14:31:59;28,00;41,0
19.04.2024;14:32:00;23,00;72,0
19.04.2024;14:32:01;17,00;85,0
19.04.2024;14:32:02;20,00;75,0
19.04.2024;14:32:03;23,00;34,0
19.04.2024;14:32:04;26,00;79,0
19.04.2024;14:32:05;27,00;65,0
19.04.2024;14:32:06;17,00;66,0
19.04.2024;14:32:07;21,00;61,0
19.04.2024;14:32:08;30,00;68,0
19.04.2024;14:32:09;18,00;39,0
19.04.2024;14:32:10;20,00;46,0
19.04.2024;14:32:11;31,00;73,0
19.04.2024;14:32:12;27,00;60,0
19.04.2024;14:32:13;32,00;54,0
19.04.2024;14:32:14;31,00;61,0
19.04.2024;14:32:15;25,00;75,0
19.04.2024;14:32:16;24,00;30,0
19.04.2024;14:32:17;20,00;38,0
19.04.2024;14:32:18;27,00;42,0
19.04.2024;14:32:19;17,00;63,0
19.04.2024;14:32:20;20,00;55,0
19.04.2024;14:32:21;31,00;42,0
19.04.2024;14:32:22;26,00;58,0
19.04.2024;14:32:23;29,00;81,0
19.04.2024;14:32:24;28,00;80,0
19.04.2024;14:32:25;18,00;69,0
19.04.2024;14:32:26;27,00;66,0
19.04.2024;14:32:27;30,00;46,0
19.04.2024;14:32:28;20,00;75,0
19.04.2024;14:32:29;29,00;53,0
19.04.2024;14:32:30;29,00;66,0
19.04.2024;14:32:31;30,00;73,0
19.04.2024;14:32:32;17,00;60,0
19.04.2024;14:32:33;32,00;37,0
19.04.2024;14:32:34;25,00;40,0
19.04.2024;14:32:35;23,00;64,0
19.04.2024;14:32:36;29,00;70,0
19.04.2024;14:32:37;22,00;81,0
19.04.2024;14:32:38;20,00;31,0
19.04.2024;14:32:39;22,00;81,0
19.04.2024;14:32:40;32,00;57,0
19.04.2024;14:32:41;17,00;45,0
19.04.2024;14:32:42;23,00;69,0
19.04.2024;14:32:43;27,00;72,0
19.04.2024;14:32:44;26,00;66,0
19.04.2024;14:32:45;31,00;45,0
19.04.2024;14:32:46;24,00;37,0
19.04.2024;14:32:47;23,00;57,0
19.04.2024;14:32:48;23,00;62,0
19.04.2024;14:32:49;26,00;71,0
19.04.2024;14:32:50;30,00;77,0
19.04.2024;14:32:51;21,00;45,0
19.04.2024;14:32:52;24,00;49,0
19.04.2024;14:32:53;25,00;84,0
19.04.2024;14:32:54;20,00;72,0
19.04.2024;14:32:55;29,00;80,0
19.04.2024;14:32:56;25,00;61,0
19.04.2024;14:32:57;22,00;71,0
19.04.2024;14:32:58;18,00;78,0
19.04.2024;14:32:59;24,00;61,0
19.04.2024;14:33:00;28,00;43,0
19.04.2024;14:33:01;25,00;51,0
19.04.2024;14:33:02;24,00;49,0
19.04.2024;14:33:03;21,00;55,0
19.04.2024;14:33:04;30,00;66,0
19.04.2024;14:33:05;27,00;41,0
19.04.2024;14:33:06;23,00;62,0
19.04.2024;14:33:07;22,00;34,0
19.04.2024;14:33:08;30,00;55,0
19.04.2024;14:33:09;18,00;39,0
19.04.2024;14:33:10;25,00;36,0
19.04.2024;14:33:11;17,00;37,0
19.04.2024;14:33:12;18,00;85,0
19.04.2024;14:33:13;29,00;35,0
19.04.2024;14:33:14;26,00;37,0
19.04.2024;14:33:15;31,00;37,0
19.04.2024;14:33:16;32,00;50,0
19.04.2024;14:33:17;26,00;74,0
19.04.2024;14:33:18;19,00;80,0
19.04.2024;14:33:19;30,00;58,0
19.04.2024;14:33:20;29,00;68,0
19.04.2024;14:33:21;26,00;70,0
19.04.2024;14:33:22;22,00;51,0
19.04.2024;14:33:23;32,00;74,0
19.04.2024;14:33:24;32,00;51,0
19.04.2024;14:33:25;20,00;68,0
19.04.2024;14:33:26;21,00;43,0
19.04.2024;14:33:27;32,00;30,0
19.04.2024;14:33:28;24,00;34,0
19.04.2024;14:33:29;19,00;69,0
19.04.2024;14:33:30;22,00;58,0
19.04.2024;14:33:31;27,00;72,0
19.04.2024;14:33:32;31,00;83,0
19.04.2024;14:33:33;22,00;78,0
19.04.2024;14:33:34;29,00;55,0
19.04.2024;14:33:35;26,00;51,0
19.04.2024;14:33:36;31,00;35,0
19.04.2024;14:33:37;32,00;82,0
19.04.2024;14:33:38;18,00;49,0
19.04.2024;14:33:39;24,00;77,0
19.04.2024;14:33:40;18,00;60,0
19.04.2024;14:33:41;30,00;77,0
19.04.2024;14:33:42;17,00;77,0
19.04.2024;14:33:43;23,00;71,0
19.04.2024;14:33:44;26,00;57,0
19.04.2024;14:33:45;19,00;45,0
19.04.2024;14:33:46;31,00;45,0
19.04.2024;14:33:47;30,00;82,0
19.04.2024;14:33:48;27,00;75,0
19.04.2024;14:33:49;30,00;78,0
19.04.2024;14:33:50;30,00;36,0
19.04.2024;14:33:51;27,00;49,0
19.04.2024;14:33:52;25,00;31,0
19.04.2024;14:33:53;18,00;49,0
19.04.2024;14:33:54;22,00;57,0
19.04.2024;14:33:55;22,00;46,0
19.04.2024;14:33:56;31,00;36,0
19.04.2024;14:33:57;22,00;70,0
19.04.2024;14:33:58;31,00;50,0
19.04.2024;14:33:59;28,00;33,0
19.04.2024;14:34:00;25,00;76,0
19.04.2024;14:34:01;26,00;58,0
19.04.2024;14:34:02;24,00;72,0
19.04.2024;14:34:03;21,00;57,0
19.04.2024;14:34:04;24,00;80,0
19.04.2024;14:34:05;23,00;54,0
19.04.2024;14:34:06;29,00;43,0
19.04.2024;14:34:07;20,00;39,0
19.04.2024;14:34:08;23,00;62,0
19.04.2024;14:34:09;18,00;72,0
19.04.2024;14:34:10;21,00;43,0
19.04.2024;14:34:11;21,00;31,0
19.04.2024;14:34:12;22,00;68,0
19.04.2024;14:34:13;22,00;32,0
19.04.2024;14:34:14;19,00;58,0
19.04.2024;14:34:15;17,00;49,0
19.04.2024;14:34:16;18,00;42,0
19.04.2024;14:34:17;26,00;67,0
19.04.2024;14:34:18;27,00;76,0
19.04.2024;14:34:19;22,00;69,0
19.04.2024;14:34:20;20,00;56,0
19.04.2024;14:34:21;21,00;60,0
19.04.2024;14:34:22;23,00;50,0
19.04.2024;14:34:23;25,00;64,0
19.04.2024;14:34:24;24,00;32,0
19.04.2024;14:34:25;24,00;31,0
19.04.2024;14:34:26;18,00;80,0
19.04.2024;14:34:27;22,00;35,0
19.04.2024;14:34:28;19,00;40,0
19.04.2024;14:34:29;23,00;33,0
19.04.2024;14:34:30;24,00;63,0
19.04.2024;14:34:31;25,00;46,0
19.04.2024;14:34:32;20,00;32,0
19.04.2024;14:34:33;23,00;70,0
19.04.2024;14:34:34;28,00;50,0
19.04.2024;14:34:35;28,00;79,0
19.04.2024;14:34:36;20,00;84,0
19.04.2024;14:34:37;27,00;62,0
19.04.2024;14:34:38;31,00;76,0
19.04.2024;14:34:39;19,00;74,0
19.04.2024;14:34:40;26,00;63,0
19.04.2024;14:34:41;17,00;80,0
19.04.2024;14:34:42;32,00;76,0
19.04.2024;14:34:43;29,00;51,0
19.04.2024;14:34:44;22,00;59,0
19.04.2024;14:34:45;24,00;66,0
19.04.2024;14:34:46;31,00;52,0
19.04.2024;14:34:47;19,00;57,0
19.04.2024;14:34:48;32,00;32,0
19.04.2024;14:34:49;18,00;35,0
19.04.2024;14:34:50;26,00;66,0
19.04.2024;14:34:51;23,00;57,0
19.04.2024;14:34:52;21,00;78,0
19.04.2024;14:34:53;18,00;74,0
19.04.2024;14:34:54;24,00;47,0
19.04.2024;14:34:55;29,00;70,0
19.04.2024;14:34:56;23,00;83,0
19.04.2024;14:34:57;18,00;52,0
19.04.2024;14:34:58;30,00;63,0
19.04.2024;14:34:59;27,00;62,0
19.04.2024;14:35:00;17,00;53,0
19.04.2024;14:35:01;17,00;84,0
19.04.2024;14:35:02;18,00;83,0
19.04.2024;14:35:03;17,00;60,0
19.04.2024;14:35:04;32,00;37,0
19.04.2024;14:35:05;27,00;82,0
19.04.2024;14:35:06;22,00;78,0
19.04.2024;14:35:07;21,00;72,0
19.04.2024;14:35:08;28,00;71,0
19.04.2024;14:35:09;26,00;76,0
19.04.2024;14:35:10;32,00;33,0
19.04.2024;14:35:11;26,00;76,0
19.04.2024;14:35:12;26,00;67,0
19.04.2024;14:35:13;25,00;64,0
19.04.2024;14:35:14;18,00;47,0
19.04.2024;14:35:15;29,00;59,0
19.04.2024;14:35:16;20,00;55,0
19.04.2024;14:35:17;23,00;45,0
19.04.2024;14:35:18;29,00;32,0
19.04.2024;14:35:19;29,00;46,0
19.04.2024;14:35:20;31,00;43,0
19.04.2024;14:35:21;25,00;53,0
19.04.2024;14:35:22;22,00;85,0
19.04.2024;14:35:23;30,00;31,0
19.04.2024;14:35:24;23,00;71,0
19.04.2024;14:35:25;31,00;38,0
19.04.2024;14:35:26;18,00;40,0
19.04.2024;14:35:27;26,00;55,0
19.04.2024;14:35:28;24,00;65,0
19.04.2024;14:35:29;25,00;75,0
19.04.2024;14:35:30;31,00;40,0
19.04.2024;14:35:31;29,00;52,0
19.04.2024;14:35:32;29,00;75,0
19.04.2024;14:35:33;31,00;71,0
19.04.2024;14:35:34;21,00;37,0
19.04.2024;14:35:35;26,00;30,0
19.04.2024;14:35:36;27,00;50,0
19.04.2024;14:35:37;17,00;31,0
19.04.2024;14:35:38;25,00;73,0
19.04.2024;14:35:39;31,00;74,0
19.04.2024;14:35:40;30,00;66,0
19.04.2024;14:35:41;22,00;35,0
19.04.2024;14:35:42;29,00;51,0
19.04.2024;14:35:43;30,00;85,0
19.04.2024;14:35:44;27,00;80,0
19.04.2024;14:35:45;18,00;32,0
19.04.2024;14:35:46;25,00;78,0
19.04.2024;14:35:47;22,00;84,0
19.04.2024;14:35:48;25,00;32,0
19.04.2024;14:35:49;30,00;41,0
19.04.2024;14:35:50;25,00;78,0
19.04.2024;14:35:51;25,00;56,0
19.04.2024;14:35:52;20,00;44,0
19.04.2024;14:35:53;30,00;43,0
19.04.2024;14:35:54;29,00;52,0
19.04.2024;14:35:55;22,00;34,0
19.04.2024;14:35:56;30,00;50,0
19.04.2024;14:35:57;28,00;47,0
19.04.2024;14:35:58;27,00;57,0
19.04.2024;14:35:59;19,00;34,0
19.04.2024;14:36:00;31,00;51,0
19.04.2024;14:36:01;18,00;61,0
19.04.2024;14:36:02;22,00;30,0
19.04.2024;14:36:03;25,00;44,0
19.04.2024;14:36:04;23,00;55,0
19.04.2024;14:36:05;26,00;58,0
19.04.2024;14:36:06;19,00;30,0
19.04.2024;14:36:07;24,00;80,0
19.04.2024;14:36:08;28,00;35,0
19.04.2024;14:36:09;23,00;59,0
19.04.2024;14:36:10;27,00;83,0
19.04.2024;14:36:11;18,00;51,0
19.04.2024;14:36:12;19,00;41,0
19.04.2024;14:36:13;31,00;71,0
19.04.2024;14:36:14;30,00;55,0
19.04.2024;14:36:15;22,00;77,0
19.04.2024;14:36:16;17,00;53,0
19.04.2024;14:36:17;18,00;37,0
19.04.2024;14:36:18;28,00;76,0
19.04.2024;14:36:19;19,00;47,0
19.04.2024;14:36:20;29,00;82,0
19.04.2024;14:36:21;21,00;75,0
19.04.2024;14:36:22;22,00;76,0
19.04.2024;14:36:23;27,00;52,0
19.04.2024;14:36:24;27,00;72,0
19.04.2024;14:36:25;30,00;39,0
19.04.2024;14:36:26;19,00;33,0
19.04.2024;14:36:27;29,00;76,0
19.04.2024;14:36:28;27,00;82,0
19.04.2024;14:36:29;21,00;65,0
19.04.2024;14:36:30;19,00;77,0
19.04.2024;14:36:31;30,00;54,0
19.04.2024;14:36:32;23,00;65,0
19.04.2024;14:36:33;30,00;42,0
19.04.2024;14:36:34;32,00;51,0
19.04.2024;14:36:35;30,00;69,0
19.04.2024;14:36:36;25,00;63,0
19.04.2024;14:36:37;18,00;48,0
19.04.2024;14:36:38;23,00;32,0
19.04.2024;14:36:39;27,00;57,0
19.04.2024;14:36:40;26,00;80,0
19.04.2024;14:36:41;18,00;54,0
19.04.2024;14:36:42;26,00;74,0
19.04.2024;14:36:43;18,00;50,0
19.04.2024;14:36:44;21,00;63,0
19.04.2024;14:36:45;32,00;41,0
19.04.2024;14:36:46;21,00;35,0
19.04.2024;14:36:47;29,00;80,0
19.04.2024;14:36:48;20,00;44,0
19.04.2024;14:36:49;23,00;71,0
19.04.2024;14:36:50;31,00;47,0
19.04.2024;14:36:51;30,00;54,0
19.04.2024;14:36:52;23,00;72,0
19.04.2024;14:36:53;31,00;72,0
19.04.2024;14:36:54;17,00;35,0
19.04.2024;14:36:55;28,00;46,0
19.04.2024;14:36:56;26,00;58,0
19.04.2024;14:36:57;32,00;33,0
19.04.2024;14:36:58;26,00;48,0
19.04.2024;14:36:59;23,00;43,0
19.04.2024;14:37:00;26,00;55,0
19.04.2024;14:37:01;25,00;71,0
19.04.2024;14:37:02;32,00;37,0
19.04.2024;14:37:03;26,00;75,0
19.04.2024;14:37:04;32,00;83,0
19.04.2024;14:37:05;27,00;59,0
19.04.2024;14:37:06;31,00;59,0
19.04.2024;14:37:07;17,00;78,0
19.04.2024;14:37:08;27,00;49,0
19.04.2024;14:37:09;17,00;84,0
19.04.2024;14:37:10;21,00;63,0
19.04.2024;14:37:11;21,00;35,0
19.04.2024;14:37:12;31,00;60,0
19.04.2024;14:37:13;31,00;60,0
19.04.2024;14:37:14;26,00;33,0
19.04.2024;14:37:15;27,00;53,0
19.04.2024;14:37:16;25,00;72,0
19.04.2024;14:37:17;17,00;39,0
19.04.2024;14:37:18;32,00;51,0
19.04.2024;14:37:19;20,00;76,0
19.04.2024;14:37:20;31,00;77,0
19.04.2024;14:37:21;30,00;74,0
19.04.2024;14:37:22;27,00;75,0
19.04.2024;14:37:23;17,00;72,0
19.04.2024;14:37:24;29,00;83,0
19.04.2024;14:37:25;19,00;30,0
19.04.2024;14:37:26;20,00;78,0
19.04.2024;14:37:27;31,00;84,0
19.04.2024;14:37:28;18,00;30,0
19.04.2024;14:37:29;27,00;36,0
19.04.2024;14:37:30;25,00;44,0
19.04.2024;14:37:31;24,00;71,0
19.04.2024;14:37:32;18,00;53,0
19.04.2024;14:37:33;32,00;70,0
19.04.2024;14:37:34;29,00;41,0
19.04.2024;14:37:35;29,00;64,0
19.04.2024;14:37:36;25,00;55,0
19.04.2024;14:37:37;24,00;32,0
19.04.2024;14:37:38;22,00;57,0
19.04.2024;14:37:39;30,00;69,0
19.04.2024;14:37:40;23,00;37,0
19.04.2024;14:37:41;32,00;30,0
19.04.2024;14:37:42;27,00;36,0
19.04.2024;14:37:43;17,00;35,0
19.04.2024;14:37:44;17,00;77,0
19.04.2024;14:37:45;18,00;57,0
19.04.2024;14:37:46;29,00;78,0
19.04.2024;14:37:47;30,00;47,0
19.04.2024;14:37:48;26,00;77,0
19.04.2024;14:37:49;24,00;35,0
19.04.2024;14:37:50;31,00;74,0
19.04.2024;14:37:51;30,00;69,0
19.04.2024;14:37:52;24,00;43,0
19.04.2024;14:37:53;30,00;55,0
19.04.2024;14:37:54;24,00;54,0
19.04.2024;14:37:55;17,00;30,0
19.04.2024;14:37:56;31,00;32,0
19.04.2024;14:37:57;23,00;51,0
19.04.2024;14:37:58;31,00;81,0
19.04.2024;14:37:59;21,00;74,0
19.04.2024;14:38:00;20,00;40,0
19.04.2024;14:38:01;27,00;69,0
19.04.2024;14:38:02;32,00;77,0
19.04.2024;14:38:03;21,00;35,0
19.04.2024;14:38:04;25,00;65,0
19.04.2024;14:38:05;27,00;39,0
19.04.2024;14:38:06;26,00;83,0
19.04.2024;14:38:07;24,00;46,0
19.04.2024;14:38:08;17,00;49,0
19.04.2024;14:38:09;17,00;75,0
19.04.2024;14:38:10;25,00;50,0
19.04.2024;14:38:11;25,00;43,0
19.04.2024;14:38:12;32,00;81,0
19.04.2024;14:38:13;32,00;40,0
19.04.2024;14:38:14;30,00;36,0
19.04.2024;14:38:15;30,00;48,0
19.04.2024;14:38:16;28,00;50,0
19.04.2024;14:38:17;20,00;31,0
19.04.2024;14:38:18;31,00;69,0
19.04.2024;14:38:19;17,00;76,0
19.04.2024;14:38:20;23,00;71,0
19.04.2024;14:38:21;30,00;81,0
19.04.2024;14:38:22;23,00;42,0
19.04.2024;14:38:23;27,00;66,0
19.04.2024;14:38:24;23,00;42,0
19.04.2024;14:38:25;31,00;68,0
19.04.2024;14:38:26;32,00;52,0
19.04.2024;14:38:27;20,00;71,0
19.04.2024;14:38:28;17,00;54,0
19.04.2024;14:38:29;25,00;68,0
19.04.2024;14:38:30;20,00;38,0
19.04.2024;14:38:31;24,00;79,0
19.04.2024;14:38:32;31,00;46,0
19.04.2024;14:38:33;19,00;79,0
19.04.2024;14:38:34;18,00;85,0
19.04.2024;14:38:35;18,00;70,0
19.04.2024;14:38:36;18,00;42,0
19.04.2024;14:38:37;17,00;71,0
19.04.2024;14:38:38;19,00;32,0
19.04.2024;14:38:39;31,00;44,0
19.04.2024;14:38:40;29,00;36,0
19.04.2024;14:38:41;32,00;42,0
19.04.2024;14:38:42;32,00;44,0
19.04.2024;14:38:43;30,00;32,0
19.04.2024;14:38:44;22,00;83,0
19.04.2024;14:38:45;21,00;47,0
19.04.2024;14:38:46;24,00;34,0
19.04.2024;14:38:47;17,00;63,0
19.04.2024;14:38:48;19,00;40,0
19.04.2024;14:38:49;17,00;69,0
19.04.2024;14:38:50;17,00;47,0
19.04.2024;14:38:51;21,00;30,0
19.04.2024;14:38:52;26,00;57,0
19.04.2024;14:38:53;30,00;74,0
19.04.2024;14:38:54;31,00;51,0
19.04.2024;14:38:55;22,00;62,0
19.04.2024;14:38:56;24,00;61,0
19.04.2024;14:38:57;17,00;69,0
19.04.2024;14:38:58;22,00;45,0
19.04.2024;14:38:59;23,00;34,0
19.04.2024;14:39:00;19,00;48,0
19.04.2024;14:39:01;29,00;42,0
19.04.2024;14:39:02;17,00;63,0
19.04.2024;14:39:03;20,00;58,0
19.04.2024;14:39:04;18,00;79,0
19.04.2024;14:39:05;31,00;60,0
19.04.2024;14:39:06;19,00;30,0
19.04.2024;14:39:07;25,00;72,0
19.04.2024;14:39:08;31,00;84,0
19.04.2024;14:39:09;31,00;55,0
19.04.2024;14:39:10;26,00;35,0
19.04.2024;14:39:11;32,00;78,0
19.04.2024;14:39:12;26,00;67,0
19.04.2024;14:39:13;32,00;85,0
19.04.2024;14:39:14;27,00;55,0
19.04.2024;14:39:15;26,00;41,0
19.04.2024;14:39:16;20,00;82,0
19.04.2024;14:39:17;32,00;72,0
19.04.2024;14:39:18;26,00;42,0
19.04.2024;14:39:19;27,00;33,0
19.04.2024;14:39:20;17,00;32,0
19.04.2024;14:39:21;31,00;31,0
19.04.2024;14:39:22;19,00;82,0
19.04.2024;14:39:23;25,00;52,0
19.04.2024;14:39:24;32,00;35,0
19.04.2024;14:39:25;30,00;63,0
19.04.2024;14:39:26;31,00;50,0
19.04.2024;14:39:27;28,00;75,0
19.04.2024;14:39:28;23,00;71,0
19.04.2024;14:39:29;21,00;53,0
19.04.2024;14:39:30;22,00;62,0
19.04.2024;14:39:31;28,00;81,0
19.04.2024;14:39:32;22,00;40,0
19.04.2024;14:39:33;18,00;61,0
19.04.2024;14:39:34;22,00;82,0
19.04.2024;14:39:35;25,00;83,0
19.04.2024;14:39:36;25,00;39,0
19.04.2024;14:39:37;30,00;79,0
19.04.2024;14:39:38;30,00;70,0
19.04.2024;14:39:39;32,00;52,0
19.04.2024;14:39:40;21,00;82,0
19.04.2024;14:39:41;23,00;77,0
19.04.2024;14:39:42;30,00;39,0
19.04.2024;14:39:43;25,00;82,0
19.04.2024;14:39:44;28,00;78,0
19.04.2024;14:39:45;22,00;70,0
19.04.2024;14:39:46;17,00;79,0
19.04.2024;14:39:47;21,00;56,0
19.04.2024;14:39:48;19,00;54,0
19.04.2024;14:39:49;19,00;36,0
19.04.2024;14:39:50;26,00;77,0
19.04.2024;14:39:51;24,00;54,0
19.04.2024;14:39:52;25,00;84,0
19.04.2024;14:39:53;31,00;53,0
19.04.2024;14:39:54;19,00;41,0
19.04.2024;14:39:55;20,00;56,0
19.04.2024;14:39:56;26,00;47,0
19.04.2024;14:39:57;29,00;81,0
19.04.2024;14:39:58;19,00;53,0
19.04.2024;14:39:59;28,00;54,0
19.04.2024;14:40:00;31,00;36,0
19.04.2024;14:40:01;28,00;39,0
19.04.2024;14:40:02;31,00;54,0
19.04.2024;14:40:03;31,00;64,0
19.04.2024;14:40:04;19,00;44,0
19.04.2024;14:40:05;25,00;38,0
19.04.2024;14:40:06;24,00;38,0
19.04.2024;14:40:07;19,00;52,0
19.04.2024;14:40:08;27,00;50,0
19.04.2024;14:40:09;27,00;58,0
19.04.2024;14:40:10;17,00;53,0
19.04.2024;14:40:11;19,00;71,0
19.04.2024;14:40:12;29,00;73,0
19.04.2024;14:40:13;31,00;84,0
19.04.2024;14:40:14;27,00;74,0
19.04.2024;14:40:15;26,00;40,0
19.04.2024;14:40:16;27,00;83,0
19.04.2024;14:40:17;27,00;75,0
19.04.2024;14:40:18;29,00;75,0
19.04.2024;14:40:19;17,00;72,0
19.04.2024;14:40:20;30,00;41,0
19.04.2024;14:40:21;20,00;71,0
19.04.2024;14:40:22;27,00;74,0
19.04.2024;14:40:23;32,00;54,0
19.04.2024;14:40:24;32,00;44,0
19.04.2024;14:40:25;30,00;44,0
19.04.2024;14:40:26;21,00;48,0
19.04.2024;14:40:27;20,00;73,0
19.04.2024;14:40:28;30,00;79,0
19.04.2024;14:40:29;30,00;33,0
19.04.2024;14:40:30;20,00;65,0
19.04.2024;14:40:31;30,00;42,0
19.04.2024;14:40:32;20,00;43,0
19.04.2024;14:40:33;24,00;75,0
19.04.2024;14:40:34;18,00;37,0
19.04.2024;14:40:35;25,00;34,0
19.04.2024;14:40:36;28,00;85,0
19.04.2024;14:40:37;29,00;46,0
19.04.2024;14:40:38;19,00;48,0
19.04.2024;14:40:39;29,00;60,0
19.04.2024;14:40:40;25,00;42,0
19.04.2024;14:40:41;31,00;36,0
19.04.2024;14:40:42;21,00;53,0
19.04.2024;14:40:43;25,00;85,0
19.04.2024;14:40:44;32,00;61,0
19.04.2024;14:40:45;21,00;31,0
19.04.2024;14:40:46;32,00;64,0
19.04.2024;14:40:47;18,00;57,0
19.04.2024;14:40:48;24,00;44,0
19.04.2024;14:40:49;24,00;70,0
19.04.2024;14:40:50;24,00;78,0
19.04.2024;14:40:51;19,00;73,0
19.04.2024;14:40:52;18,00;61,0
19.04.2024;14:40:53;31,00;54,0
19.04.2024;14:40:54;18,00;32,0
19.04.2024;14:40:55;21,00;42,0
19.04.2024;14:40:56;25,00;44,0
19.04.2024;14:40:57;28,00;84,0
19.04.2024;14:40:58;28,00;42,0
19.04.2024;14:40:59;31,00;43,0
19.04.2024;14:41:00;20,00;62,0
19.04.2024;14:41:01;26,00;50,0
19.04.2024;14:41:02;30,00;84,0
19.04.2024;14:41:03;20,00;32,0
19.04.2024;14:41:04;21,00;69,0
19.04.2024;14:41:05;22,00;48,0
19.04.2024;14:41:06;29,00;84,0
19.04.2024;14:41:07;29,00;73,0
19.04.2024;14:41:08;27,00;82,0
19.04.2024;14:41:09;21,00;43,0
19.04.2024;14:41:10;24,00;73,0
19.04.2024;14:41:11;20,00;79,0
19.04.2024;14:41:12;26,00;42,0
19.04.2024;14:41:13;20,00;51,0
19.04.2024;14:41:14;32,00;30,0
19.04.2024;14:41:15;25,00;52,0
19.04.2024;14:41:16;32,00;74,0
19.04.2024;14:41:17;22,00;68,0
19.04.2024;14:41:18;25,00;37,0
19.04.2024;14:41:19;28,00;37,0
19.04.2024;14:41:20;27,00;35,0
19.04.2024;14:41:21;31,00;41,0
19.04.2024;14:41:22;21,00;33,0
19.04.2024;14:41:23;31,00;47,0
19.04.2024;14:41:24;30,00;44,0
19.04.2024;14:41:25;29,00;39,0
19.04.2024;14:41:26;29,00;75,0
19.04.2024;14:41:27;28,00;32,0
19.04.2024;14:41:28;25,00;77,0
19.04.2024;14:41:29;30,00;48,0
19.04.2024;14:41:30;19,00;72,0
19.04.2024;14:41:31;32,00;45,0
19.04.2024;14:41:32;30,00;34,0
19.04.2024;14:41:33;27,00;53,0
19.04.2024;14:41:34;19,00;65,0
19.04.2024;14:41:35;29,00;53,0
19.04.2024;14:41:36;22,00;39,0
19.04.2024;14:41:37;29,00;47,0
19.04.2024;14:41:38;28,00;52,0
19.04.2024;14:41:39;29,00;38,0
19.04.2024;14:41:40;17,00;39,0
19.04.2024;14:41:41;17,00;48,0
19.04.2024;14:41:42;27,00;46,0
19.04.2024;14:41:43;22,00;44,0
19.04.2024;14:41:44;26,00;69,0
19.04.2024;14:41:45;17,00;68,0
19.04.2024;14:41:46;22,00;72,0
19.04.2024;14:41:47;26,00;38,0
19.04.2024;14:41:48;31,00;63,0
19.04.2024;14:41:49;27,00;40,0
19.04.2024;14:41:50;26,00;42,0
19.04.2024;14:41:51;24,00;72,0
19.04.2024;14:41:52;19,00;56,0
19.04.2024;14:41:53;21,00;33,0
19.04.2024;14:41:54;18,00;61,0
19.04.2024;14:41:55;17,00;67,0
19.04.2024;14:41:56;22,00;78,0
19.04.2024;14:41:57;22,00;75,0
19.04.2024;14:41:58;21,00;71,0
19.04.2024;14:41:59;26,00;37,0
19.04.2024;14:42:00;29,00;73,0
19.04.2024;14:42:01;29,00;38,0
19.04.2024;14:42:02;21,00;36,0
19.04.2024;14:42:03;32,00;43,0
19.04.2024;14:42:04;31,00;38,0
19.04.2024;14:42:05;23,00;38,0
19.04.2024;14:42:06;27,00;58,0
19.04.2024;14:42:07;32,00;81,0
19.04.2024;14:42:08;22,00;46,0
19.04.2024;14:42:09;22,00;73,0
19.04.2024;14:42:10;29,00;49,0
19.04.2024;14:42:11;20,00;75,0
19.04.2024;14:42:12;25,00;67,0
19.04.2024;14:42:13;21,00;70,0
19.04.2024;14:42:14;26,00;69,0
19.04.2024;14:42:15;17,00;54,0
19.04.2024;14:42:16;31,00;69,0
19.04.2024;14:42:17;31,00;78,0
19.04.2024;14:42:18;21,00;78,0
19.04.2024;14:42:19;29,00;52,0
19.04.2024;14:42:20;31,00;84,0
19.04.2024;14:42:21;19,00;42,0
19.04.2024;14:42:22;23,00;61,0
19.04.2024;14:42:23;31,00;56,0
19.04.2024;14:42:24;20,00;73,0
19.04.2024;14:42:25;27,00;63,0
19.04.2024;14:42:26;24,00;77,0
19.04.2024;14:42:27;23,00;84,0
19.04.2024;14:42:28;20,00;79,0
19.04.2024;14:42:29;17,00;65,0
19.04.2024;14:42:30;25,00;54,0
19.04.2024;14:42:31;23,00;36,0
19.04.2024;14:42:32;29,00;50,0
19.04.2024;14:42:33;24,00;35,0
19.04.2024;14:42:34;29,00;58,0
19.04.2024;14:42:35;21,00;83,0
19.04.2024;14:42:36;25,00;45,0
19.04.2024;14:42:37;31,00;74,0
19.04.2024;14:42:38;22,00;63,0
19.04.2024;14:42:39;18,00;55,0
19.04.2024;14:42:40;30,00;54,0
19.04.2024;14:42:41;25,00;45,0
19.04.2024;14:42:42;30,00;47,0
19.04.2024;14:42:43;27,00;50,0
19.04.2024;14:42:44;30,00;83,0
19.04.2024;14:42:45;32,00;70,0
19.04.2024;14:42:46;25,00;30,0
19.04.2024;14:42:47;29,00;42,0
19.04.2024;14:42:48;19,00;68,0
19.04.2024;14:42:49;31,00;64,0
19.04.2024;14:42:50;18,00;65,0
19.04.2024;14:42:51;17,00;54,0
19.04.2024;14:42:52;17,00;50,0
19.04.2024;14:42:53;25,00;30,0
19.04.2024;14:42:54;32,00;65,0
19.04.2024;14:42:55;30,00;58,0
19.04.2024;14:42:56;32,00;37,0
19.04.2024;14:42:57;31,00;78,0
19.04.2024;14:42:58;26,00;38,0
19.04.2024;14:42:59;32,00;68,0
19.04.2024;14:43:00;19,00;76,0
19.04.2024;14:43:01;25,00;60,0
19.04.2024;14:43:02;30,00;42,0
19.04.2024;14:43:03;18,00;79,0
19.04.2024;14:43:04;30,00;37,0
19.04.2024;14:43:05;28,00;42,0
19.04.2024;14:43:06;26,00;49,0
19.04.2024;14:43:07;18,00;81,0
19.04.2024;14:43:08;27,00;60,0
19.04.2024;14:43:09;29,00;67,0
19.04.2024;14:43:10;25,00;64,0
19.04.2024;14:43:11;27,00;57,0
19.04.2024;14:43:12;29,00;74,0
19.04.2024;14:43:13;32,00;31,0
19.04.2024;14:43:14;32,00;65,0
19.04.2024;14:43:15;27,00;61,0
19.04.2024;14:43:16;17,00;34,0
19.04.2024;14:43:17;22,00;71,0
19.04.2024;14:43:18;31,00;74,0
19.04.2024;14:43:19;19,00;82,0
19.04.2024;14:43:20;23,00;81,0
19.04.2024;14:43:21;28,00;49,0
19.04.2024;14:43:22;18,00;80,0
19.04.2024;14:43:23;21,00;61,0
19.04.2024;14:43:24;21,00;46,0
19.04.2024;14:43:25;23,00;53,0
19.04.2024;14:43:26;29,00;72,0
19.04.2024;14:43:27;30,00;54,0
19.04.2024;14:43:28;27,00;68,0
19.04.2024;14:43:29;28,00;76,0
19.04.2024;14:43:30;26,00;62,0
19.04.2024;14:43:31;27,00;61,0
19.04.2024;14:43:32;20,00;75,0
19.04.2024;14:43:33;25,00;64,0
19.04.2024;14:43:34;24,00;61,0
19.04.2024;14:43:35;30,00;56,0
19.04.2024;14:43:36;21,00;60,0
19.04.2024;14:43:37;32,00;47,0
19.04.2024;14:43:38;21,00;77,0
19.04.2024;14:43:39;23,00;70,0
19.04.2024;14:43:40;31,00;70,0
19.04.2024;14:43:41;32,00;33,0
19.04.2024;14:43:42;19,00;33,0
19.04.2024;14:43:43;19,00;56,0
19.04.2024;14:43:44;19,00;54,0
19.04.2024;14:43:45;23,00;56,0
19.04.2024;14:43:46;20,00;48,0
19.04.2024;14:43:47;22,00;56,0
19.04.2024;14:43:48;23,00;70,0
19.04.2024;14:43:49;28,00;62,0
19.04.2024;14:43:50;19,00;79,0
19.04.2024;14:43:51;27,00;68,0
19.04.2024;14:43:52;18,00;61,0
19.04.2024;14:43:53;32,00;30,0
19.04.2024;14:43:54;19,00;57,0
19.04.2024;14:43:55;24,00;55,0
19.04.2024;14:43:56;27,00;85,0
19.04.2024;14:43:57;18,00;53,0
19.04.2024;14:43:58;17,00;78,0
19.04.2024;14:43:59;18,00;48,0
19.04.2024;14:44:00;22,00;82,0
19.04.2024;14:44:01;30,00;39,0
19.04.2024;14:44:02;28,00;33,0
19.04.2024;14:44:03;22,00;63,0
19.04.2024;14:44:04;24,00;70,0
19.04.2024;14:44:05;21,00;64,0
19.04.2024;14:44:06;19,00;45,0
19.04.2024;14:44:07;25,00;45,0
19.04.2024;14:44:08;30,00;83,0
19.04.2024;14:44:09;24,00;66,0
19.04.2024;14:44:10;24,00;76,0
19.04.2024;14:44:11;19,00;33,0
19.04.2024;14:44:12;28,00;41,0
19.04.2024;14:44:13;25,00;56,0
19.04.2024;14:44:14;17,00;47,0
19.04.2024;14:44:15;25,00;36,0
19.04.2024;14:44:16;29,00;73,0
19.04.2024;14:44:17;26,00;50,0
19.04.2024;14:44:18;20,00;39,0
19.04.2024;14:44:19;32,00;44,0
19.04.2024;14:44:20;30,00;44,0
19.04.2024;14:44:21;22,00;52,0
19.04.2024;14:44:22;21,00;46,0
19.04.2024;14:44:23;21,00;46,0
19.04.2024;14:44:24;21,00;75,0
19.04.2024;14:44:25;23,00;42,0
19.04.2024;14:44:26;23,00;52,0
19.04.2024;14:44:27;28,00;84,0
19.04.2024;14:44:28;24,00;31,0
19.04.2024;14:44:29;28,00;34,0
19.04.2024;14:44:30;27,00;80,0
19.04.2024;14:44:31;27,00;74,0
19.04.2024;14:44:32;24,00;32,0
19.04.2024;14:44:33;18,00;77,0
19.04.2024;14:44:34;32,00;83,0
19.04.2024;14:44:35;24,00;68,0
19.04.2024;14:44:36;26,00;33,0
19.04.2024;14:44:37;30,00;82,0
19.04.2024;14:44:38;24,00;54,0
19.04.2024;14:44:39;23,00;35,0
19.04.2024;14:44:40;23,00;66,0
19.04.2024;14:44:41;29,00;54,0
19.04.2024;14:44:42;18,00;46,0
19.04.2024;14:44:43;26,00;36,0
19.04.2024;14:44:44;32,00;49,0
19.04.2024;14:44:45;32,00;49,0
19.04.2024;14:44:46;27,00;62,0
19.04.2024;14:44:47;29,00;61,0
19.04.2024;14:44:48;24,00;36,0
19.04.2024;14:44:49;29,00;51,0
19.04.2024;14:44:50;17,00;85,0
19.04.2024;14:44:51;30,00;32,0
19.04.2024;14:44:52;17,00;56,0
19.04.2024;14:44:53;18,00;77,0
19.04.2024;14:44:54;29,00;81,0
19.04.2024;14:44:55;18,00;85,0
19.04.2024;14:44:56;29,00;65,0
19.04.2024;14:44:57;31,00;57,0
19.04.2024;14:44:58;25,00;75,0
19.04.2024;14:44:59;23,00;37,0
19.04.2024;14:45:00;19,00;62,0
19.04.2024;14:45:01;31,00;32,0
19.04.2024;14:45:02;20,00;77,0
19.04.2024;14:45:03;18,00;85,0
19.04.2024;14:45:04;18,00;40,0
19.04.2024;14:45:05;31,00;81,0
19.04.2024;14:45:06;20,00;54,0
19.04.2024;14:45:07;31,00;77,0
19.04.2024;14:45:08;21,00;57,0
19.04.2024;14:45:09;23,00;78,0
19.04.2024;14:45:10;21,00;53,0
19.04.2024;14:45:11;17,00;34,0
19.04.2024;14:45:12;22,00;31,0
19.04.2024;14:45:13;20,00;57,0
19.04.2024;14:45:14;28,00;60,0
19.04.2024;14:45:15;29,00;76,0
19.04.2024;14:45:16;21,00;82,0
19.04.2024;14:45:17;32,00;43,0
19.04.2024;14:45:18;19,00;53,0
19.04.2024;14:45:19;25,00;75,0
19.04.2024;14:45:20;23,00;39,0
19.04.2024;14:45:21;27,00;43,0
19.04.2024;14:45:22;28,00;78,0
19.04.2024;14:45:23;23,00;37,0
19.04.2024;14:45:24;22,00;42,0
19.04.2024;14:45:25;19,00;78,0
19.04.2024;14:45:26;29,00;64,0
19.04.2024;14:45:27;28,00;33,0
19.04.2024;14:45:28;31,00;35,0
19.04.2024;14:45:29;28,00;55,0
19.04.2024;14:45:30;23,00;51,0
19.04.2024;14:45:31;30,00;78,0
19.04.2024;14:45:32;27,00;79,0
19.04.2024;14:45:33;23,00;51,0
19.04.2024;14:45:34;20,00;39,0
19.04.2024;14:45:35;21,00;32,0
19.04.2024;14:45:36;32,00;70,0
19.04.2024;14:45:37;32,00;38,0
19.04.2024;14:45:38;30,00;50,0
19.04.2024;14:45:39;26,00;77,0
19.04.2024;14:45:40;17,00;83,0
19.04.2024;14:45:41;31,00;50,0
19.04.2024;14:45:42;23,00;51,0
19.04.2024;14:45:43;28,00;73,0
19.04.2024;14:45:44;26,00;59,0
19.04.2024;14:45:45;31,00;62,0
19.04.2024;14:45:46;27,00;77,0
19.04.2024;14:45:47;27,00;74,0
19.04.2024;14:45:48;29,00;83,0
19.04.2024;14:45:49;31,00;66,0
19.04.2024;14:45:50;20,00;49,0
19.04.2024;14:45:51;30,00;39,0
19.04.2024;14:45:52;29,00;76,0
19.04.2024;14:45:53;22,00;40,0
19.04.2024;14:45:54;22,00;70,0
19.04.2024;14:45:55;32,00;50,0
19.04.2024;14:45:56;17,00;30,0
19.04.2024;14:45:57;31,00;44,0
19.04.2024;14:45:58;26,00;81,0
19.04.2024;14:45:59;19,00;60,0
19.04.2024;14:46:00;20,00;36,0
19.04.2024;14:46:01;26,00;68,0
19.04.2024;14:46:02;18,00;82,0
19.04.2024;14:46:03;26,00;48,0
19.04.2024;14:46:04;32,00;43,0
19.04.2024;14:46:05;32,00;32,0
19.04.2024;14:46:06;22,00;79,0
19.04.2024;14:46:07;23,00;48,0
19.04.2024;14:46:08;20,00;61,0
19.04.2024;14:46:09;26,00;78,0
19.04.2024;14:46:10;24,00;38,0
19.04.2024;14:46:11;24,00;60,0
19.04.2024;14:46:12;31,00;34,0
19.04.2024;14:46:13;20,00;78,0
19.04.2024;14:46:14;25,00;35,0
19.04.2024;14:46:15;31,00;75,0
19.04.2024;14:46:16;32,00;68,0
19.04.2024;14:46:17;27,00;77,0
19.04.2024;14:46:18;17,00;85,0
19.04.2024;14:46:19;18,00;68,0
19.04.2024;14:46:20;20,00;47,0
19.04.2024;14:46:21;32,00;48,0
19.04.2024;14:46:22;29,00;54,0
19.04.2024;14:46:23;27,00;60,0
19.04.2024;14:46:24;23,00;33,0
19.04.2024;14:46:25;26,00;85,0
19.04.2024;14:46:26;26,00;76,0
19.04.2024;14:46:27;30,00;38,0
19.04.2024;14:46:28;32,00;40,0
19.04.2024;14:46:29;26,00;49,0
19.04.2024;14:46:30;26,00;51,0
19.04.2024;14:46:31;17,00;84,0
19.04.2024;14:46:32;20,00;52,0
19.04.2024;14:46:33;31,00;52,0
19.04.2024;14:46:34;28,00;45,0
19.04.2024;14:46:35;21,00;65,0
19.04.2024;14:46:36;26,00;70,0
19.04.2024;14:46:37;19,00;46,0
19.04.2024;14:46:38;19,00;81,0
19.04.2024;14:46:39;32,00;76,0
19.04.2024;14:46:40;20,00;82,0
19.04.2024;14:46:41;19,00;31,0
19.04.2024;14:46:42;26,00;79,0
19.04.2024;14:46:43;27,00;54,0
19.04.2024;14:46:44;23,00;40,0
19.04.2024;14:46:45;25,00;78,0
19.04.2024;14:46:46;20,00;31,0
19.04.2024;14:46:47;27,00;65,0
19.04.2024;14:46:48;27,00;75,0
19.04.2024;14:46:49;32,00;47,0
19.04.2024;14:46:50;30,00;59,0
19.04.2024;14:46:51;18,00;62,0
19.04.2024;14:46:52;27,00;45,0
19.04.2024;14:46:53;27,00;80,0
19.04.2024;14:46:54;19,00;45,0
19.04.2024;14:46:55;17,00;41,0
19.04.2024;14:46:56;31,00;84,0
19.04.2024;14:46:57;26,00;64,0
19.04.2024;14:46:58;24,00;69,0
19.04.2024;14:46:59;20,00;40,0
19.04.2024;14:47:00;32,00;32,0
19.04.2024;14:47:01;29,00;74,0
19.04.2024;14:47:02;30,00;85,0
19.04.2024;14:47:03;23,00;48,0
19.04.2024;14:47:04;29,00;40,0
19.04.2024;14:47:05;18,00;67,0
19.04.2024;14:47:06;30,00;30,0
19.04.2024;14:47:07;20,00;68,0
19.04.2024;14:47:08;31,00;32,0
19.04.2024;14:47:09;29,00;82,0
19.04.2024;14:47:10;24,00;72,0
19.04.2024;14:47:11;32,00;49,0
19.04.2024;14:47:12;22,00;43,0
19.04.2024;14:47:13;30,00;46,0
19.04.2024;14:47:14;31,00;40,0
19.04.2024;14:47:15;24,00;70,0
19.04.2024;14:47:16;29,00;79,0
19.04.2024;14:47:17;25,00;81,0
19.04.2024;14:47:18;28,00;34,0
19.04.2024;14:47:19;22,00;40,0
19.04.2024;14:47:20;27,00;77,0
19.04.2024;14:47:21;23,00;43,0
19.04.2024;14:47:22;31,00;76,0
19.04.2024;14:47:23;29,00;62,0
19.04.2024;14:47:24;29,00;58,0
19.04.2024;14:47:25;27,00;43,0
19.04.2024;14:47:26;17,00;84,0
19.04.2024;14:47:27;26,00;65,0
19.04.2024;14:47:28;29,00;65,0
19.04.2024;14:47:29;20,00;39,0
19.04.2024;14:47:30;18,00;71,0
19.04.2024;14:47:31;19,00;50,0
19.04.2024;14:47:32;24,00;70,0
19.04.2024;14:47:33;30,00;57,0
19.04.2024;14:47:34;29,00;73,0
19.04.2024;14:47:35;28,00;52,0
19.04.2024;14:47:36;29,00;46,0
19.04.2024;14:47:37;28,00;49,0
19.04.2024;14:47:38;25,00;39,0
19.04.2024;14:47:39;21,00;68,0
19.04.2024;14:47:40;30,00;53,0
19.04.2024;14:47:41;19,00;50,0
19.04.2024;14:47:42;17,00;77,0
19.04.2024;14:47:43;29,00;33,0
19.04.2024;14:47:44;32,00;47,0
19.04.2024;14:47:45;24,00;36,0
19.04.2024;14:47:46;23,00;64,0
19.04.2024;14:47:47;30,00;37,0
19.04.2024;14:47:48;22,00;47,0
19.04.2024;14:47:49;27,00;59,0
19.04.2024;14:47:50;30,00;33,0
19.04.2024;14:47:51;29,00;46,0
19.04.2024;14:47:52;26,00;65,0
19.04.2024;14:47:53;28,00;42,0
19.04.2024;14:47:54;18,00;66,0
19.04.2024;14:47:55;22,00;51,0
19.04.2024;14:47:56;19,00;75,0
19.04.2024;14:47:57;31,00;32,0
19.04.2024;14:47:58;32,00;82,0
19.04.2024;14:47:59;17,00;69,0
19.04.2024;14:48:00;28,00;33,0
19.04.2024;14:48:01;17,00;50,0
19.04.2024;14:48:02;18,00;62,0
19.04.2024;14:48:03;25,00;77,0
19.04.2024;14:48:04;20,00;75,0
19.04.2024;14:48:05;21,00;46,0
19.04.2024;14:48:06;24,00;81,0
19.04.2024;14:48:07;20,00;59,0
19.04.2024;14:48:08;21,00;42,0
19.04.2024;14:48:09;28,00;36,0
19.04.2024;14:48:10;29,00;42,0
19.04.2024;14:48:11;27,00;53,0
19.04.2024;14:48:12;22,00;34,0
19.04.2024;14:48:13;24,00;78,0
19.04.2024;14:48:14;22,00;33,0
19.04.2024;14:48:15;28,00;51,0
19.04.2024;14:48:16;28,00;80,0
19.04.2024;14:48:17;24,00;67,0
19.04.2024;14:48:18;21,00;47,0
19.04.2024;14:48:19;32,00;72,0
19.04.2024;14:48:20;29,00;42,0
19.04.2024;14:48:21;22,00;30,0
19.04.2024;14:48:22;24,00;79,0
19.04.2024;14:48:23;24,00;66,0
19.04.2024;14:48:24;27,00;48,0
19.04.2024;14:48:25;24,00;73,0
19.04.2024;14:48:26;29,00;30,0
19.04.2024;14:48:27;27,00;82,0
19.04.2024;14:48:28;24,00;85,0
19.04.2024;14:48:29;32,00;81,0
19.04.2024;14:48:30;17,00;36,0
19.04.2024;14:48:31;18,00;38,0
19.04.2024;14:48:32;23,00;85,0
19.04.2024;14:48:33;18,00;35,0
19.04.2024;14:48:34;31,00;70,0
19.04.2024;14:48:35;19,00;66,0
19.04.2024;14:48:36;18,00;78,0
19.04.2024;14:48:37;20,00;69,0
19.04.2024;14:48:38;22,00;69,0
19.04.2024;14:48:39;22,00;74,0
19.04.2024;14:48:40;27,00;80,0
19.04.2024;14:48:41;32,00;65,0
19.04.2024;14:48:42;18,00;38,0
19.04.2024;14:48:43;17,00;33,0
19.04.2024;14:48:44;17,00;48,0
19.04.2024;14:48:45;21,00;41,0
19.04.2024;14:48:46;25,00;48,0
19.04.2024;14:48:47;24,00;66,0
19.04.2024;14:48:48;21,00;59,0
19.04.2024;14:48:49;20,00;68,0
19.04.2024;14:48:50;17,00;37,0
19.04.2024;14:48:51;30,00;78,0
19.04.2024;14:48:52;20,00;60,0
19.04.2024;14:48:53;32,00;46,0
19.04.2024;14:48:54;21,00;62,0
19.04.2024;14:48:55;32,00;60,0
19.04.2024;14:48:56;19,00;46,0
19.04.2024;14:48:57;30,00;50,0
19.04.2024;14:48:58;18,00;36,0
19.04.2024;14:48:59;20,00;67,0
19.04.2024;14:49:00;20,00;64,0
19.04.2024;14:49:01;17,00;37,0
19.04.2024;14:49:02;24,00;34,0
19.04.2024;14:49:03;19,00;52,0
19.04.2024;14:49:04;27,00;82,0
19.04.2024;14:49:05;31,00;84,0
19.04.2024;14:49:06;29,00;71,0
19.04.2024;14:49:07;30,00;82,0
19.04.2024;14:49:08;22,00;79,0
19.04.2024;14:49:09;28,00;84,0
19.04.2024;14:49:10;28,00;49,0
19.04.2024;14:49:11;32,00;38,0
19.04.2024;14:49:12;24,00;73,0
19.04.2024;14:49:13;28,00;81,0
19.04.2024;14:49:14;30,00;35,0
19.04.2024;14:49:15;21,00;84,0
19.04.2024;14:49:16;28,00;43,0
19.04.2024;14:49:17;23,00;73,0
19.04.2024;14:49:18;25,00;58,0
19.04.2024;14:49:19;21,00;61,0
19.04.2024;14:49:20;19,00;35,0
19.04.2024;14:49:21;17,00;37,0
19.04.2024;14:49:22;30,00;79,0
19.04.2024;14:49:23;26,00;37,0
19.04.2024;14:49:24;17,00;48,0
19.04.2024;14:49:25;23,00;56,0
19.04.2024;14:49:26;24,00;39,0
19.04.2024;14:49:27;20,00;34,0
19.04.2024;14:49:28;22,00;62,0
19.04.2024;14:49:29;17,00;75,0
19.04.2024;14:49:30;23,00;47,0
19.04.2024;14:49:31;21,00;37,0
19.04.2024;14:49:32;26,00;36,0
19.04.2024;14:49:33;20,00;37,0
19.04.2024;14:49:34;29,00;61,0
19.04.2024;14:49:35;21,00;52,0
19.04.2024;14:49:36;23,00;30,0
19.04.2024;14:49:37;18,00;75,0
19.04.2024;14:49:38;23,00;55,0
19.04.2024;14:49:39;23,00;55,0
19.04.2024;14:49:40;19,00;43,0
19.04.2024;14:49:41;17,00;59,0
19.04.2024;14:49:42;20,00;79,0
19.04.2024;14:49:43;30,00;32,0
19.04.2024;14:49:44;18,00;51,0
19.04.2024;14:49:45;31,00;54,0
19.04.2024;14:49:46;20,00;74,0
19.04.2024;14:49:47;24,00;76,0
19.04.2024;14:49:48;19,00;61,0
19.04.2024;14:49:49;24,00;72,0
19.04.2024;14:49:50;22,00;61,0
19.04.2024;14:49:51;27,00;60,0
19.04.2024;14:49:52;32,00;70,0
19.04.2024;14:49:53;22,00;34,0
19.04.2024;14:49:54;25,00;55,0
19.04.2024;14:49:55;27,00;30,0
19.04.2024;14:49:56;19,00;48,0
19.04.2024;14:49:57;26,00;56,0
19.04.2024;14:49:58;21,00;78,0
19.04.2024;14:49:59;18,00;37,0
19.04.2024;14:50:00;21,00;41,0
19.04.2024;14:50:01;30,00;41,0
19.04.2024;14:50:02;31,00;53,0
19.04.2024;14:50:03;20,00;63,0
19.04.2024;14:50:04;29,00;32,0
19.04.2024;14:50:05;18,00;70,0
19.04.2024;14:50:06;30,00;59,0
19.04.2024;14:50:07;18,00;65,0
19.04.2024;14:50:08;30,00;59,0
19.04.2024;14:50:09;28,00;57,0
19.04.2024;14:50:10;19,00;42,0
19.04.2024;14:50:11;22,00;61,0
19.04.2024;14:50:12;23,00;85,0
19.04.2024;14:50:13;24,00;55,0
19.04.2024;14:50:14;18,00;45,0
19.04.2024;14:50:15;29,00;40,0
19.04.2024;14:50:16;28,00;69,0
19.04.2024;14:50:17;18,00;79,0
19.04.2024;14:50:18;17,00;46,0
19.04.2024;14:50:19;22,00;85,0
19.04.2024;14:50:20;21,00;39,0
19.04.2024;14:50:21;18,00;77,0
19.04.2024;14:50:22;30,00;84,0
19.04.2024;14:50:23;19,00;32,0
19.04.2024;14:50:24;20,00;41,0
19.04.2024;14:50:25;29,00;54,0
19.04.2024;14:50:26;24,00;33,0
19.04.2024;14:50:27;27,00;77,0
19.04.2024;14:50:28;32,00;30,0
19.04.2024;14:50:29;20,00;46,0
19.04.2024;14:50:30;25,00;72,0
19.04.2024;14:50:31;19,00;46,0
19.04.2024;14:50:32;32,00;83,0
19.04.2024;14:50:33;18,00;73,0
19.04.2024;14:50:34;20,00;30,0
19.04.2024;14:50:35;25,00;46,0
19.04.2024;14:50:36;32,00;79,0
19.04.2024;14:50:37;31,00;67,0
19.04.2024;14:50:38;29,00;51,0
19.04.2024;14:50:39;30,00;40,0
19.04.2024;14:50:40;20,00;64,0
19.04.2024;14:50:41;17,00;66,0
19.04.2024;14:50:42;23,00;36,0
19.04.2024;14:50:43;22,00;39,0
19.04.2024;14:50:44;24,00;31,0
19.04.2024;14:50:45;26,00;35,0
19.04.2024;14:50:46;26,00;78,0
19.04.2024;14:50:47;31,00;66,0
19.04.2024;14:50:48;27,00;55,0
19.04.2024;14:50:49;25,00;79,0
19.04.2024;14:50:50;21,00;39,0
19.04.2024;14:50:51;30,00;42,0
19.04.2024;14:50:52;17,00;41,0
19.04.2024;14:50:53;18,00;45,0
19.04.2024;14:50:54;24,00;52,0
19.04.2024;14:50:55;31,00;45,0
19.04.2024;14:50:56;25,00;51,0
19.04.2024;14:50:57;32,00;41,0
19.04.2024;14:50:58;27,00;68,0
19.04.2024;14:50:59;24,00;69,0
19.04.2024;14:51:00;18,00;30,0
19.04.2024;14:51:01;17,00;38,0
19.04.2024;14:51:02;29,00;54,0
19.04.2024;14:51:03;17,00;38,0
19.04.2024;14:51:04;27,00;48,0
19.04.2024;14:51:05;31,00;82,0
19.04.2024;14:51:06;20,00;34,0
19.04.2024;14:51:07;21,00;80,0
19.04.2024;14:51:08;24,00;39,0
19.04.2024;14:51:09;25,00;78,0
19.04.2024;14:51:10;30,00;70,0
19.04.2024;14:51:11;32,00;53,0
19.04.2024;14:51:12;20,00;76,0
19.04.2024;14:51:13;30,00;83,0
19.04.2024;14:51:14;21,00;79,0
19.04.2024;14:51:15;19,00;50,0
19.04.2024;14:51:16;21,00;57,0
19.04.2024;14:51:17;20,00;84,0
19.04.2024;14:51:18;23,00;69,0
19.04.2024;14:51:19;25,00;51,0
19.04.2024;14:51:20;18,00;46,0
19.04.2024;14:51:21;25,00;71,0
19.04.2024;14:51:22;26,00;85,0
19.04.2024;14:51:23;24,00;72,0
19.04.2024;14:51:24;20,00;42,0
19.04.2024;14:51:25;32,00;77,0
19.04.2024;14:51:26;31,00;80,0
19.04.2024;14:51:27;25,00;45,0
19.04.2024;14:51:28;21,00;64,0
19.04.2024;14:51:29;30,00;36,0
19.04.2024;14:51:30;19,00;76,0
19.04.2024;14:51:31;31,00;80,0
19.04.2024;14:51:32;26,00;83,0
19.04.2024;14:51:33;26,00;82,0
19.04.2024;14:51:34;20,00;52,0
19.04.2024;14:51:35;19,00;84,0
19.04.2024;14:51:36;26,00;33,0
19.04.2024;14:51:37;31,00;60,0
19.04.2024;14:51:38;24,00;71,0
19.04.2024;14:51:39;18,00;30,0
19.04.2024;14:51:40;22,00;56,0
19.04.2024;14:51:41;24,00;60,0
19.04.2024;14:51:42;20,00;85,0
19.04.2024;14:51:43;31,00;60,0
19.04.2024;14:51:44;26,00;55,0
19.04.2024;14:51:45;17,00;30,0
19.04.2024;14:51:46;31,00;62,0
19.04.2024;14:51:47;32,00;83,0
19.04.2024;14:51:48;21,00;80,0
19.04.2024;14:51:49;20,00;59,0
19.04.2024;14:51:50;23,00;48,0
19.04.2024;14:51:51;23,00;58,0
19.04.2024;14:51:52;25,00;57,0
19.04.2024;14:51:53;27,00;61,0
19.04.2024;14:51:54;32,00;47,0
19.04.2024;14:51:55;31,00;36,0
19.04.2024;14:51:56;28,00;39,0
19.04.2024;14:51:57;21,00;84,0
19.04.2024;14:51:58;29,00;33,0
19.04.2024;14:51:59;28,00;82,0
19.04.2024;14:52:00;32,00;82,0
19.04.2024;14:52:01;19,00;84,0
19.04.2024;14:52:02;30,00;50,0
19.04.2024;14:52:03;30,00;40,0
19.04.2024;14:52:04;25,00;61,0
19.04.2024;14:52:05;26,00;53,0
19.04.2024;14:52:06;24,00;36,0
19.04.2024;14:52:07;29,00;37,0
19.04.2024;14:52:08;27,00;54,0
19.04.2024;14:52:09;32,00;57,0
19.04.2024;14:52:10;26,00;75,0
19.04.2024;14:52:11;30,00;65,0
19.04.2024;14:52:12;29,00;49,0

2024-05-19,14:18:51,22.0,70.0